movieId,tag,title
1,"pixar, pixar, fun",Toy Story (1995)
2,"fantasy, magic board game, Robin Williams, game",Jumanji (1995)
3,"moldy, old",Grumpier Old Men (1995)
5,"pregnancy, remake",Father of the Bride Part II (1995)
7,remake,Sabrina (1995)
11,"politics, president","American President, The (1995)"
14,"politics, president",Nixon (1995)
16,Mafia,Casino (1995)
17,Jane Austen,Sense and Sensibility (1995)
21,Hollywood,Get Shorty (1995)
22,serial killer,Copycat (1995)
25,alcoholism,Leaving Las Vegas (1995)
26,Shakespeare,Othello (1995)
28,"In Netflix queue, Jane Austen",Persuasion (1995)
29,kidnapping,"City of Lost Children, The (Cité des enfants perdus, La) (1995)"
31,"high school, teacher",Dangerous Minds (1995)
32,"time travel, time travel, Brad Pitt, Bruce Willis, mindfuck, Post apocalyptic, post-apocalyptic, remake, time travel, twist ending",Twelve Monkeys (a.k.a. 12 Monkeys) (1995)
34,"Animal movie, pigs, villain nonexistent or not needed for good story",Babe (1995)
36,"death penalty, Nun",Dead Man Walking (1995)
38,twins,It Takes Two (1995)
39,"chick flick, funny, Paul Rudd, quotable, seen more than once, Emma, Jane Austen",Clueless (1995)
40,"In Netflix queue, South Africa","Cry, the Beloved Country (1995)"
41,Shakespeare,Richard III (1995)
43,England,Restoration (1995)
45,Journalism,To Die For (1995)
46,wedding,How to Make an American Quilt (1995)
47,"mystery, twist ending, serial killer",Seven (a.k.a. Se7en) (1995)
50,"mindfuck, suspense, thriller, tricky, twist ending, heist","Usual Suspects, The (1995)"
52,"adoption, prostitution",Mighty Aphrodite (1995)
58,writing,"Postman, The (Postino, Il) (1994)"
62,music,Mr. Holland's Opus (1995)
92,Jekyll and Hyde,Mary Reilly (1996)
96,theater,In the Bleak Midwinter (1995)
101,"crime, off-beat comedy, quirky",Bottle Rocket (1996)
104,"test tag, golf, Adam Sandler",Happy Gilmore (1996)
107,muppets,Muppet Treasure Island (1996)
110,"beautiful scenery, epic, historical, inspirational, Medieval, mel gibson, Oscar (Best Cinematography), revenge, sword fight, Scotland",Braveheart (1995)
111,assassination,Taxi Driver (1976)
116,Holocaust,Anne Frank Remembered (1995)
122,dating,Boomerang (1992)
140,journalism,Up Close and Personal (1996)
147,"addiction, heroin, Leonardo DiCaprio, Mark Wahlberg","Basketball Diaries, The (1995)"
150,"moon, NASA, space",Apollo 13 (1995)
153,"superhero, superhero",Batman Forever (1995)
160,Michael Crichton,Congo (1995)
161,submarine,Crimson Tide (1995)
162,In Netflix queue,Crumb (1994)
175,"controversial, New York City, Nudity (Full Frontal)",Kids (1995)
185,computers,"Net, The (1995)"
199,Made me cry,"Umbrellas of Cherbourg, The (Parapluies de Cherbourg, Les) (1964)"
215,generation X,Before Sunrise (1995)
216,"school, Adam Sandler, stop looking at me swan",Billy Madison (1995)
222,Ireland,Circle of Friends (1995)
223,"cynical, hilarious, independent film, quirky, witty, generation X",Clerks (1994)
224,"mental illness, psychology",Don Juan DeMarco (1995)
230,Stephen King,Dolores Claiborne (1995)
232,In Netflix queue,Eat Drink Man Woman (Yin shi nan nu) (1994)
235,movie business,Ed Wood (1994)
237,"basketball, France, infertility",Forget Paris (1995)
246,basketball,Hoop Dreams (1994)
247,Australia,Heavenly Creatures (1994)
248,"bad, Sinbad",Houseguest (1994)
249,Beethoven,Immortal Beloved (1994)
252,Einstein,I.Q. (1994)
257,court,Just Cause (1995)
260,"classic, space action, action, sci-fi, EPIC, great soundtrack, classic sci-fi, engrossing adventure, EPIC, classic, Nerd, classic sci-fi, space action, space epic, oldie but goodie, sci-fi, Star Wars, ROBOTS AND ANDROIDS, space, classic sci-fi, sci-fi, space adventure, Star Wars, darth vader, luke skywalker, space opera",Star Wars: Episode IV - A New Hope (1977)
261,Louisa May Alcott,Little Women (1994)
262,"England, Girl Power, India","Little Princess, A (1995)"
272,"England, mental illness","Madness of King George, The (1994)"
273,gothic,Mary Shelley's Frankenstein (Frankenstein) (1994)
277,Christmas,Miracle on 34th Street (1994)
279,In Netflix queue,My Family (1995)
280,prison,Murder in the First (1995)
282,"disability, twins",Nell (1994)
288,"brutality, controversial, dark comedy, psychedelic, satire, stylized",Natural Born Killers (1994)
290,In Netflix queue,Once Were Warriors (1994)
293,"assassin, Jean Reno, hit men, Action, assassin, assassination, assassins, awkward romance, corruption, crime, disturbing, drama, French, friendship, Gary Oldman, great acting, Guns, hit men, hitman, humorous, imdb top 250, Jean Reno, Lolita theme, loneliness, love story, Luc Besson, Natalie Portman, organized crime, police, police corruption, quirky, sniper, tense, touching, unique",Léon: The Professional (a.k.a. The Professional) (Léon) (1994)
296,"good dialogue, great soundtrack, non-linear, cult film, drugs, Quentin Tarantino, Tarantino, hit men, 1990s, achronological, action, action packed, aggressive, amazing, amazing dialogues, anthology, assassin, atmospheric, AWESOME, bad ass, bad language, bad-ass, bible, biblical references, big boys with guns, big name actors, Black comedy, black humor, black humour, blood, blood splatters, bloody, bruce willis, brutality, casual violence, character development, characters, classic, classic movie, coke, comedy, conversation, cool, cool style, crime, crime scene scrubbing, cult, cult classic, cult film, dance, dancing, dark, dark comedy, dark humor, dialogue, different, diner, disjointed timeline, disturbing, drama, drug overdose, drugs, drugs & music, ensemble cast, entertaining, entirely dialogue, episodic, exciting, fast paced, fast-paced, film noir, film-noir, foul language, fun, funny, gangster, gangsters, genius, golden watch, good dialogue, good music, gore, great acting, great dialogue, great soundtrack, gritty, guns, Harvey Keitel, heroin, Highly quotable, hit men, hitman, homosexuality, humour, iconic, imdb top 250, innovative, intellectual, intelligent, intense, interesting, intertwining storylines, interwoven storylines, ironic, irony, John Travolta, killer-as-protagonist, los angeles, Mafia, masterpiece, meaningless violence, milkshake, mobster, mobsters, monologue, motherfucker, multiple stories, multiple storylines, neo-noir, noir, non-linear, non-linear timeline, nonlinear, nonlinear narrative, nonlinear storyline, nonlinear timeline, notable soundtrack, offensive, organised crime, organized crime, original, original plot, out of order, Palme d'Or, parody, philosophical, pop culture references, psychological, pulp, Quentin Tarantino, quirky, Quotable, r:disturbing violent content including rape, r:disturbing violent images, r:graphic sexuality, r:some violence, r:strong bloody violence, r:strong language, r:sustained strong stylized violence, r:violence, random, rape, retro, Roger Avary, royal with cheese, Samuel L. Jackson, sarcasm, satire, sexy, smart writing, sophisticated, soundtrack, splatter, Steve Buscemi, storytelling, stylish, stylized, suspense, Tarantino, thought-provoking, thriller, travolta, twist ending, Uma Thurman, unique, unpredictable, unusual, very funny, violence, violent, witty",Pulp Fiction (1994)
300,TV,Quiz Show (1994)
307,Death,Three Colors: Blue (Trois couleurs: Bleu) (1993)
308,"marriage, cynical",Three Colors: White (Trzy kolory: Bialy) (1994)
316,time travel,Stargate (1994)
317,Christmas,"Santa Clause, The (1994)"
318,"prison, Stephen King, wrongful imprisonment, Morgan Freeman","Shawshank Redemption, The (1994)"
326,In Netflix queue,To Live (Huozhe) (1994)
329,Enterprise,Star Trek: Generations (1994)
337,mental illness,What's Eating Gilbert Grape (1993)
338,serial killer,Virtuosity (1995)
339,coma,While You Were Sleeping (1995)
342,"Australia, weddings",Muriel's Wedding (1994)
345,"cross dressing, men in drag, remade","Adventures of Priscilla, Queen of the Desert, The (1994)"
349,Tom Clancy,Clear and Present Danger (1994)
350,John Grisham,"Client, The (1994)"
351,interracial romance,"Corrina, Corrina (1994)"
356,"shrimp, Vietnam, bubba gump shrimp, lieutenant dan, stupid is as stupid does, bittersweet, emotional, heartwarming, touching",Forrest Gump (1994)
357,wedding,Four Weddings and a Funeral (1994)
361,gambling,It Could Happen to You (1994)
363,"Holocaust, In Netflix queue","Wonderful, Horrible Life of Leni Riefenstahl, The (Macht der Bilder: Leni Riefenstahl, Die) (1993)"
364,"Disney, Disney animated feature, Oscar (Best Music - Original Score), soundtrack, Disney","Lion King, The (1994)"
371,journalism,"Paper, The (1994)"
377,bus,Speed (1994)
380,spies,True Lies (1994)
381,alcoholism,When a Man Loves a Woman (1994)
410,"black comedy, Christina Ricci, Christopher Lloyd, dark comedy, family, gothic",Addams Family Values (1993)
412,Edith Wharton,"Age of Innocence, The (1993)"
413,Comedy,Airheads (1994)
421,horses,Black Beauty (1994)
425,"mental illness, Oscar (Best Actress)",Blue Sky (1994)
431,"Al Pacino, gangster, mafia",Carlito's Way (1993)
440,President,Dave (1993)
454,John Grisham,"Firm, The (1993)"
457,based on a TV show,"Fugitive, The (1993)"
471,hula hoop,"Hudsucker Proxy, The (1994)"
474,assassination,In the Line of Fire (1993)
475,Ireland,In the Name of the Father (1993)
477,biopic,What's Love Got to Do with It? (1993)
480,Dinosaur,Jurassic Park (1993)
488,"Japan, sexuality",M. Butterfly (1993)
497,Shakespeare,Much Ado About Nothing (1993)
500,"cross dressing, divorce, men in drag",Mrs. Doubtfire (1993)
508,AIDs,Philadelphia (1993)
513,"radio, show business",Radioland Murders (1994)
515,"Butler, Housekeeper","Remains of the Day, The (1993)"
516,military,Renaissance Man (1994)
522,"Australia, racism, violence",Romper Stomper (1992)
524,football,Rudy (1993)
527,"moving, thought-provoking, Holocaust, based on a true story, biography, disturbing, holocaust",Schindler's List (1993)
529,chess,Searching for Bobby Fischer (1993)
531,In Netflix queue,"Secret Garden, The (1993)"
534,C.S. Lewis,Shadowlands (1993)
535,large cast,Short Cuts (1993)
538,race,Six Degrees of Separation (1993)
539,Empire State Building,Sleepless in Seattle (1993)
540,bad,Sliver (1993)
541,"sci-fi, robots, androids, artificial intelligence, atmospheric, cyberpunk, future, mindfuck, Philip K. Dick, atmospheric, dreamlike, existentialism, philosophical",Blade Runner (1982)
543,beat poetry,So I Married an Axe Murderer (1993)
551,"Christmas, Halloween","Nightmare Before Christmas, The (1993)"
552,knights,"Three Musketeers, The (1993)"
556,politics,"War Room, The (1993)"
562,adolescence,Welcome to the Dollhouse (1995)
586,christmas,Home Alone (1990)
587,overrated,Ghost (1990)
588,Disney,Aladdin (1992)
589,"apocalypse, Arnold Schwarzenegger, nuclear war, sci-fi, Suspense, time travel, robots, Scifi masterpiece",Terminator 2: Judgment Day (1991)
590,"American Indians, Native Americans",Dances with Wolves (1990)
592,superhero,Batman (1989)
593,"Hannibal Lector, disturbing, drama, gothic, psychology, suspense","Silence of the Lambs, The (1991)"
594,Disney,Snow White and the Seven Dwarfs (1937)
595,Disney,Beauty and the Beast (1991)
596,Disney,Pinocchio (1940)
597,prostitution,Pretty Woman (1990)
608,"based on a true story, dark comedy, KIDNAPPING, Steve Buscemi, Coen Brothers",Fargo (1996)
616,Disney,"Aristocats, The (1970)"
628,"edward norton, psychology, suspense, thought-provoking, twist ending, priest",Primal Fear (1996)
638,babies,Jack and Sarah (1995)
647,Gulf War,Courage Under Fire (1996)
648,based on a TV show,Mission: Impossible (1996)
668,India,Song of the Little Road (Pather Panchali) (1955)
670,India,"World of Apu, The (Apur Sansar) (1959)"
671,spoof,Mystery Science Theater 3000: The Movie (1996)
673,Bugs Bunny,Space Jam (1996)
707,bad,Mulholland Falls (1996)
708,Veterinarian,"Truth About Cats & Dogs, The (1996)"
720,Aardman,Wallace & Gromit: The Best of Aardman Animation (1996)
728,In Netflix queue,Cold Comfort Farm (1995)
733,"Alcatraz, Michael Bay, terrorism","Rock, The (1996)"
736,Disaster,Twister (1996)
745,Aardman,Wallace & Gromit: A Close Shave (1995)
748,aliens,"Arrival, The (1996)"
750,"dark comedy, Atomic bomb, black comedy, dark comedy, satire, purity of essence, Slim Pickens, black comedy, dark comedy, Quirky",Dr. Strangelove or: How I Learned to Stop Worrying and Love the Bomb (1964)
778,"based on a book, dark comedy, narrated, drug abuse",Trainspotting (1996)
780,aliens,Independence Day (a.k.a. ID4) (1996)
800,In Netflix queue,Lone Star (1996)
805,John Grisham,"Time to Kill, A (1996)"
818,based on a TV show,"Very Brady Sequel, A (1996)"
830,adultery,"First Wives Club, The (1996)"
832,"kidnapping, GIVE ME BACK MY SON!, It was melodramatic and kind of dumb, Mel Gibson",Ransom (1996)
836,seen at the cinema,Chain Reaction (1996)
838,Jane Austen,Emma (1996)
852,golf,Tin Cup (1996)
858,Mafia,"Godfather, The (1972)"
892,Shakespeare,Twelfth Night (1996)
898,divorce,"Philadelphia Story, The (1940)"
899,movie business,Singin' in the Rain (1952)
900,France,"American in Paris, An (1951)"
902,Capote,Breakfast at Tiffany's (1961)
903,"falling, Alfred Hitchcock, Atmospheric, imdb top 250, James Stewart",Vertigo (1958)
904,"voyeurism, imdb top 250, James Stewart, mystery, photographer, photography",Rear Window (1954)
905,Screwball,It Happened One Night (1934)
906,Brooch,Gaslight (1944)
907,divorce,"Gay Divorcee, The (1934)"
908,"Mount Rushmore, Alfred Hitchcock, imdb top 250",North by Northwest (1959)
909,adultery,"Apartment, The (1960)"
910,men in drag,Some Like It Hot (1959)
911,heist,Charade (1963)
912,start of a beautiful friendship,Casablanca (1942)
913,statue,"Maltese Falcon, The (1941)"
914,George Bernard Shaw,My Fair Lady (1964)
915,rich guy - poor girl,Sabrina (1954)
916,"Italy, royalty",Roman Holiday (1953)
918,1900s,Meet Me in St. Louis (1944)
919,"Dorothy, Toto","Wizard of Oz, The (1939)"
920,Civil War,Gone with the Wind (1939)
921,television,My Favorite Year (1982)
922,"movies, eerie, movie business",Sunset Blvd. (a.k.a. Sunset Boulevard) (1950)
923,Rosebud,Citizen Kane (1941)
924,"Hal, space, aliens, apes, Arthur C. Clarke, artificial intelligence, atmospheric, cinematography, classic, computer, confusing ending, cult film, Dull, future, futuristic, imdb top 250, masterpiece, meditative, music, mystery, Oscar (Best Effects - Visual Effects), overrated, philosophical, relaxing, revolutionary, robots, sci-fi, setting:space/space ship, slow, slow paced, soundtrack, space, space travel, spacecraft, Stanley Kubrick, superb soundtrack, surreal, technology, tedious, visual, visually appealing",2001: A Space Odyssey (1968)
926,Hollywood,All About Eve (1950)
927,divorce,"Women, The (1939)"
928,Mrs. DeWinter,Rebecca (1940)
929,"Europe, journalism, war",Foreign Correspondent (1940)
930,assassination,Notorious (1946)
931,amnesia,Spellbound (1945)
934,wedding,Father of the Bride (1950)
936,"Cold War, Russia",Ninotchka (1939)
938,prostitution,Gigi (1958)
940,swashbuckler,"Adventures of Robin Hood, The (1938)"
941,swashbuckler,"Mark of Zorro, The (1940)"
943,ghosts,"Ghost and Mrs. Muir, The (1947)"
944,Shangri-La,Lost Horizon (1937)
945,Astaire and Rogers,Top Hat (1935)
947,"butler, homeless, screwball",My Man Godfrey (1936)
948,oil,Giant (1956)
950,Nick and Nora Charles,"Thin Man, The (1934)"
951,Screwball,His Girl Friday (1940)
952,race,Around the World in 80 Days (1956)
953,Christmas,It's a Wonderful Life (1946)
954,Politics,Mr. Smith Goes to Washington (1939)
955,"leopard, screwball",Bringing Up Baby (1938)
956,adoption,Penny Serenade (1941)
965,fugitive,"39 Steps, The (1935)"
968,zombies,Night of the Living Dead (1968)
969,missionary,"African Queen, The (1951)"
970,crime,Beat the Devil (1953)
971,Tennessee Williams,Cat on a Hot Tin Roof (1958)
973,journalism,Meet John Doe (1941)
976,Hemingway,"Farewell to Arms, A (1932)"
986,Animal movie,Fly Away Home (1996)
991,Ireland,Michael Collins (1996)
994,food,Big Night (1996)
1006,"death penalty, John Grisham","Chamber, The (1996)"
1010,"Disney, race","Love Bug, The (1969)"
1013,twins,"Parent Trap, The (1961)"
1022,Disney,Cinderella (1950)
1025,"Disney, King Arthur","Sword in the Stone, The (1963)"
1028,"Disney, nanny",Mary Poppins (1964)
1029,Disney,Dumbo (1941)
1030,Disney,Pete's Dragon (1977)
1032,Disney,Alice in Wonderland (1951)
1033,Disney,"Fox and the Hound, The (1981)"
1035,Rogers and Hammerstein,"Sound of Music, The (1965)"
1041,In Netflix queue,Secrets & Lies (1996)
1042,Music,That Thing You Do! (1996)
1059,"Amazing Cinematography, Leonardo DiCaprio, shakespeare, updated classics, Shakespeare",William Shakespeare's Romeo + Juliet (1996)
1066,Astaire and Rogers,Shall We Dance (1937)
1068,anti-Semitism,Crossfire (1947)
1076,governess,"Innocents, The (1961)"
1079,fish,"Fish Called Wanda, A (1988)"
1080,"Bible, parody, religion",Monty Python's Life of Brian (1979)
1081,cross dressing,Victor/Victoria (1982)
1082,politics,"Candidate, The (1972)"
1084,"1920s, gangsters",Bonnie and Clyde (1967)
1088,"dance, music",Dirty Dancing (1987)
1089,"ensemble cast, nonlinear, Quentin Tarantino, stylized, heist, violence, humorous, neo-noir, Quentin Tarantino, religion, Tarantino",Reservoir Dogs (1992)
1090,Vietnam,Platoon (1986)
1093,"1960s, Jim Morrison, music","Doors, The (1991)"
1096,Holocaust,Sophie's Choice (1982)
1097,aliens,E.T. the Extra-Terrestrial (1982)
1101,"predictable, Navy",Top Gun (1986)
1103,"1950s, adolescence",Rebel Without a Cause (1955)
1104,Tennessee Williams,"Streetcar Named Desire, A (1951)"
1120,freedom of expression,"People vs. Larry Flynt, The (1996)"
1124,aging,On Golden Pond (1981)
1125,Clousseau,"Return of the Pink Panther, The (1975)"
1135,military,Private Benjamin (1980)
1136,"british comedy, Monty Python, England, King Arthur",Monty Python and the Holy Grail (1975)
1147,"boxing, In Netflix queue",When We Were Kings (1996)
1148,Aardman,Wallace & Gromit: The Wrong Trousers (1993)
1171,politics,Bob Roberts (1992)
1177,Italy,Enchanted April (1992)
1178,"court, military",Paths of Glory (1957)
1179,crime,"Grifters, The (1990)"
1183,adultery,"English Patient, The (1996)"
1185,In Netflix queue,My Left Foot (1989)
1187,disability,Passion Fish (1992)
1188,"Australia, dance",Strictly Ballroom (1992)
1189,"In Netflix queue, police","Thin Blue Line, The (1988)"
1193,"emotional, jack nicholson, mental illness",One Flew Over the Cuckoo's Nest (1975)
1196,"I am your father, space, space opera, classic, George Lucas, Harrison Ford, music, original plot, sci-fi, sequel",Star Wars: Episode V - The Empire Strikes Back (1980)
1197,"Inigo Montoya, six-fingered man","Princess Bride, The (1987)"
1198,"adventure, archaeology, indiana jones, Steven Spielberg, treasure hunt, archaeology, ark of the covenant, indiana jones",Raiders of the Lost Ark (Indiana Jones and the Raiders of the Lost Ark) (1981)
1200,"action, aliens, horror, sci-fi, space, space craft, SPACE TRAVEL, suspense, space",Aliens (1986)
1201,spaghetti western,"Good, the Bad and the Ugly, The (Buono, il brutto, il cattivo, Il) (1966)"
1203,"court, claustrophobic, confrontational, earnest, good dialogue, great screenplay, gritty, Motivational, thought-provoking",12 Angry Men (1957)
1204,Middle East,Lawrence of Arabia (1962)
1206,brainwashing,"Clockwork Orange, A (1971)"
1207,"Harper Lee, racism",To Kill a Mockingbird (1962)
1208,Vietnam,Apocalypse Now (1979)
1209,spaghetti western,Once Upon a Time in the West (C'era una volta il West) (1968)
1210,"darth vader, luke skywalker, space opera",Star Wars: Episode VI - Return of the Jedi (1983)
1212,"ferris wheel, Venice, zither","Third Man, The (1949)"
1213,Mafia,Goodfellas (1990)
1214,aliens,Alien (1979)
1217,samurai,Ran (1985)
1219,"Alfred Hitchcock, psychology, suspenseful, tense, Norman Bates, Alfred Hitchcock, black and white, imdb top 250, remade",Psycho (1960)
1220,Saturday Night Live,"Blues Brothers, The (1980)"
1221,"Al Pacino, Mafia, Mafia","Godfather: Part II, The (1974)"
1222,"Vietnam, anti-war",Full Metal Jacket (1987)
1223,moon,"Grand Day Out with Wallace and Gromit, A (1989)"
1224,Shakespeare,Henry V (1989)
1225,"Mozart, Salieri",Amadeus (1984)
1228,boxing,Raging Bull (1980)
1230,New York,Annie Hall (1977)
1231,"NASA, space","Right Stuff, The (1983)"
1233,submarine,"Boot, Das (Boat, The) (1981)"
1234,The Entertainer,"Sting, The (1973)"
1235,May-December romance,Harold and Maude (1971)
1237,"chess, death, atmospheric, cerebral, existentialism, philosophical, reflective","Seventh Seal, The (Sjunde inseglet, Det) (1957)"
1240,"Action, artificial intelligence, robots, Sci-Fi, special effects, tense, time travel, robots","Terminator, The (1984)"
1242,Civil War,Glory (1989)
1243,Shakespeare sort of,Rosencrantz and Guildenstern Are Dead (1990)
1244,black and white,Manhattan (1979)
1245,Mafia,Miller's Crossing (1990)
1246,"highschool, High School",Dead Poets Society (1989)
1247,Simon and Garfunkel,"Graduate, The (1967)"
1249,hit men,"Femme Nikita, La (Nikita) (1990)"
1250,POW,"Bridge on the River Kwai, The (1957)"
1252,incest,Chinatown (1974)
1253,aliens,"Day the Earth Stood Still, The (1951)"
1254,Cold,"Treasure of the Sierra Madre, The (1948)"
1257,skiing,Better Off Dead... (1985)
1258,"atmospheric, disturbing, Horror, jack nicholson, masterpiece, psychological, Stanley Kubrick, suspense, Stephen King","Shining, The (1980)"
1259,Stephen King,Stand by Me (1986)
1260,"serial killer, atmospheric, chilly, creepy, menacing, mental illness, oninous",M (1931)
1262,POW,"Great Escape, The (1963)"
1263,Vietnam,"Deer Hunter, The (1978)"
1266,revenge,Unforgiven (1992)
1267,"assassination, brainwashing","Manchurian Candidate, The (1962)"
1269,murder,Arsenic and Old Lace (1944)
1270,time travel,Back to the Future (1985)
1272,World War II,Patton (1970)
1274,"animation, anime, visually stunning",Akira (1988)
1276,prison,Cool Hand Luke (1967)
1277,In Netflix queue,Cyrano de Bergerac (1990)
1278,spoof,Young Frankenstein (1974)
1280,In Netflix queue,Raise the Red Lantern (Da hong deng long gao gao gua) (1991)
1281,Nazis,"Great Dictator, The (1940)"
1282,Disney,Fantasia (1940)
1283,gunfight,High Noon (1952)
1284,Hammett,"Big Sleep, The (1946)"
1285,high school,Heathers (1989)
1288,"music, heavy metal, mockumentary, music",This Is Spinal Tap (1984)
1291,"archaeology, Holy Grail",Indiana Jones and the Last Crusade (1989)
1292,television,Being There (1979)
1293,India,Gandhi (1982)
1296,E. M. Forster,"Room with a View, A (1986)"
1299,"Cambodia, Vietnam","Killing Fields, The (1984)"
1301,"Shakespeare sort of, space",Forbidden Planet (1956)
1302,baseball,Field of Dreams (1989)
1303,India,"Man Who Would Be King, The (1975)"
1304,crime,Butch Cassidy and the Sundance Kid (1969)
1307,New York,When Harry Met Sally... (1989)
1333,birds,"Birds, The (1963)"
1343,"horror, Juliette Lewis, Martin Scorsese, Robert De Niro, remake",Cape Fear (1991)
1344,lawyer,Cape Fear (1962)
1345,"high school, prom, Stephen King",Carrie (1976)
1348,vampires,"Nosferatu (Nosferatu, eine Symphonie des Grauens) (1922)"
1350,demons,"Omen, The (1976)"
1353,personals ads,"Mirror Has Two Faces, The (1996)"
1354,religion,Breaking the Waves (1996)
1356,Borg,Star Trek: First Contact (1996)
1357,music,Shine (1996)
1358,ex-con,Sling Blade (1996)
1361,In Netflix queue,Paradise Lost: The Child Murders at Robin Hood Hills (1996)
1363,religion,"Preacher's Wife, The (1996)"
1366,Arthur Miller,"Crucible, The (1996)"
1367,"dogs, remake",101 Dalmatians (1996)
1372,Klingons,Star Trek VI: The Undiscovered Country (1991)
1374,Captain Kirk,Star Trek II: The Wrath of Khan (1982)
1376,whales,Star Trek IV: The Voyage Home (1986)
1377,superhero,Batman Returns (1992)
1380,high school,Grease (1978)
1381,high school,Grease 2 (1982)
1387,Shark,Jaws (1975)
1389,shark,Jaws 3-D (1983)
1393,sports,Jerry Maguire (1996)
1394,Coen Brothers,Raising Arizona (1987)
1396,spying,Sneakers (1992)
1398,Hemingway,In Love and War (1996)
1407,"slasher, spoof",Scream (1996)
1408,"Hawkeye, James Fennimore Cooper","Last of the Mohicans, The (1992)"
1411,Shakespeare,Hamlet (1996)
1413,Conan,"Whole Wide World, The (1996)"
1416,Andrew Lloyd Weber,Evita (1996)
1423,"In Netflix queue, Vietnam",Hearts and Minds (1996)
1441,"mental illness, Not Seen",Benny & Joon (1993)
1446,In Netflix queue,Kolya (Kolja) (1996)
1449,mockumentary,Waiting for Guffman (1996)
1466,Mafia,Donnie Brasco (1997)
1474,jungle,Jungle2Jungle (a.k.a. Jungle 2 Jungle) (1997)
1485,lawyer,Liar Liar (1997)
1496,Tolstoy,Anna Karenina (1997)
1500,"hit men, reunion",Grosse Pointe Blank (1997)
1513,reunion,Romy and Michele's High School Reunion (1997)
1537,ballroom dance,Shall We Dance? (Shall We Dansu?) (1996)
1542,In Netflix queue,Brassed Off (1996)
1544,dinosaurs,"Lost World: Jurassic Park, The (1997)"
1545,death,Ponette (1996)
1569,"romantic comedy, wedding, weddings",My Best Friend's Wedding (1997)
1573,transplants,Face/Off (1997)
1580,aliens,Men in Black (a.k.a. MIB) (1997)
1586,military,G.I. Jane (1997)
1608,president,Air Force One (1997)
1610,Tom Clancy,"Hunt for Red October, The (1990)"
1617,Police,L.A. Confidential (1997)
1625,"mindfuck, Mystery, plot twist, psychological, suspense, twist ending, twist ending, Mystery","Game, The (1997)"
1635,1970s,"Ice Storm, The (1997)"
1643,"England, Queen Victoria","Mrs. Brown (a.k.a. Her Majesty, Mrs. Brown) (1997)"
1645,lawyers,The Devil's Advocate (1997)
1650,Henry James,Washington Square (1997)
1653,"future, intelligent, thought-provoking",Gattaca (1997)
1663,military,Stripes (1981)
1672,In Netflix queue,"Rainmaker, The (1997)"
1674,Amish,Witness (1985)
1680,alternate universe,Sliding Doors (1998)
1682,TV,"Truman Show, The (1998)"
1683,Henry James,"Wings of the Dove, The (1997)"
1704,"inspirational, heartwarming, inspirational",Good Will Hunting (1997)
1711,Savannah,Midnight in the Garden of Good and Evil (1997)
1717,"sequel, slasher, spoof",Scream 2 (1997)
1719,"Canada, death","Sweet Hereafter, The (1997)"
1721,"shipwreck, romance",Titanic (1997)
1726,"Kevin Costner, Post apocalyptic","Postman, The (1997)"
1732,"Coen Brothers, black comedy, bowling, classic, coen brothers, comedy, crime, Cult classic, cult film, dark comedy, deadpan, drugs, funny, great dialogue, great soundtrack, Highly quotable, imdb top 250, Jeff Bridges, John Goodman, Julianne Moore, kidnapping, marijuana, Nudity (Full Frontal), off-beat comedy, Philip Seymour Hoffman, quirky, ransom, rug, sarcasm, satirical, Steve Buscemi, violence","Big Lebowski, The (1998)"
1735,Charles Dickens,Great Expectations (1998)
1748,amnesia,Dark City (1998)
1777,1980s,"Wedding Singer, The (1998)"
1779,good,Sphere (1998)
1797,In Netflix queue,Everest (1998)
1801,seen more than once,"Man in the Iron Mask, The (1998)"
1810,politics,Primary Colors (1998)
1834,twist ending,"Spanish Prisoner, The (1997)"
1836,No DVD at Netflix,"Last Days of Disco, The (1998)"
1893,In Netflix queue,Beyond Silence (Jenseits der Stille) (1996)
1900,In Netflix queue,"Children of Heaven, The (Bacheha-Ye Aseman) (1997)"
1902,generation X,Dream for an Insomniac (1996)
1909,conspiracy,"X-Files: Fight the Future, The (1998)"
1912,heist,Out of Sight (1998)
1913,Australia,Picnic at Hanging Rock (1975)
1916,"avant-garde romantic comedy, elegiac, melancholy, quirky, wry",Buffalo '66 (a.k.a. Buffalo 66) (1998)
1917,space,Armageddon (1998)
1921,"hallucinatory, mental illness, mindfuck, paranoid, mathematics, artsy, atmospheric, cerebral, enigmatic, existentialism, hallucinatory, insanity, paranoia, paranoid, surreal, tense, visually appealing",Pi (1998)
1923,"Ben Stiller, Ben Stiller, crude humor, goofy",There's Something About Mary (1998)
1931,ships,Mutiny on the Bounty (1935)
1938,alcoholism,"Lost Weekend, The (1945)"
1940,"anti-Semitism, Judaism",Gentleman's Agreement (1947)
1942,"Huey Long, In Netflix queue, Robert Penn Warren",All the King's Men (1949)
1945,"boxing, coulda been a contender",On the Waterfront (1954)
1947,Gangs,West Side Story (1961)
1948,British,Tom Jones (1963)
1950,racism,In the Heat of the Night (1967)
1951,Dickens,Oliver! (1968)
1952,prostitution,Midnight Cowboy (1969)
1953,"drugs, police","French Connection, The (1971)"
1954,"boxing, sports",Rocky (1976)
1955,divorce,Kramer vs. Kramer (1979)
1957,"Olympics, sports",Chariots of Fire (1981)
1959,"adultery, Africa",Out of Africa (1985)
1960,China,"Last Emperor, The (1987)"
1961,autism,Rain Man (1988)
1962,rasicm,Driving Miss Daisy (1989)
1975,Jason,Friday the 13th Part 2 (1981)
1976,Jason,Friday the 13th Part 3: 3D (1982)
1977,Jason,Friday the 13th Part IV: The Final Chapter (1984)
1978,Jason,Friday the 13th Part V: A New Beginning (1985)
1979,Jason,Friday the 13th Part VI: Jason Lives (1986)
1983,halloween,Halloween II (1981)
1984,halloween,Halloween III: Season of the Witch (1982)
1994,ghosts,Poltergeist (1982)
1995,ghosts,Poltergeist II: The Other Side (1986)
1996,ghosts,Poltergeist III (1988)
1997,demons,"Exorcist, The (1973)"
2006,"California, Mexico","Mask of Zorro, The (1998)"
2011,time travel,Back to the Future Part II (1989)
2019,samurai,Seven Samurai (Shichinin no samurai) (1954)
2020,adultery,Dangerous Liaisons (1988)
2022,"Bible, Katzanzakis","Last Temptation of Christ, The (1988)"
2023,"Al Pacino, Andy Garcia, Classic, Francis Ford Coppola, mafia","Godfather: Part III, The (1990)"
2028,World War II,Saving Private Ryan (1998)
2054,Disney,"Honey, I Shrunk the Kids (1989)"
2058,police,"Negotiator, The (1998)"
2059,twins,"Parent Trap, The (1998)"
2064,"General Motors, Michigan",Roger & Me (1989)
2065,In Netflix queue,"Purple Rose of Cairo, The (1985)"
2066,memory,Out of the Past (1947)
2070,music,Tender Mercies (1983)
2071,"AIDs, In Netflix queue",And the Band Played On (1993)
2076,"sexuality, suburbia",Blue Velvet (1986)
2078,Disney,"Jungle Book, The (1967)"
2080,Disney,Lady and the Tramp (1955)
2085,Disney,101 Dalmatians (One Hundred and One Dalmatians) (1961)
2097,"carnival, Ray Bradbury",Something Wicked This Way Comes (1983)
2100,mermaid,Splash (1984)
2108,weather forecaster,L.A. Story (1991)
2114,S.E. Hinton,"Outsiders, The (1983)"
2115,archaeology,Indiana Jones and the Temple of Doom (1984)
2116,"Tolkein, classic","Lord of the Rings, The (1978)"
2118,Stephen King,"Dead Zone, The (1983)"
2121,Stephen King,Cujo (1983)
2122,Stephen King,Children of the Corn (1984)
2124,"black comedy, Christina Ricci, Christopher Lloyd, Family, gothic, quirky","Addams Family, The (1991)"
2138,"atmospheric, beautiful",Watership Down (1978)
2139,mice,"Secret of NIMH, The (1982)"
2145,"1980s, high school",Pretty in Pink (1986)
2146,post-college,St. Elmo's Fire (1985)
2160,"Atmospheric, creepy, paranoia, scary, suspense, demons",Rosemary's Baby (1968)
2167,vampires,Blade (1998)
2171,"aquarium, Boston, personals ads",Next Stop Wonderland (1998)
2186,murder,Strangers on a Train (1951)
2187,theater,Stage Fright (1950)
2194,"Capone, gangsters","Untouchables, The (1987)"
2202,survival,Lifeboat (1944)
2203,small towns,Shadow of a Doubt (1943)
2206,paranoia,Suspicion (1941)
2208,train,"Lady Vanishes, The (1938)"
2243,journalism,Broadcast News (1987)
2247,Mafia,Married to the Mob (1988)
2248,"In Your Eyes, Lloyd Dobbler",Say Anything... (1989)
2249,Mafia,My Blue Heaven (1990)
2268,"court, military","Few Good Men, A (1992)"
2291,freaks,Edward Scissorhands (1990)
2295,Screwball,"Impostors, The (1998)"
2296,SNL,"Night at the Roxbury, A (1998)"
2300,Broadway,"Producers, The (1968)"
2302,court,My Cousin Vinny (1992)
2310,adolescence,"Mighty, The (1998)"
2312,death penalty,Children of a Lesser God (1986)
2313,freaks,"Elephant Man, The (1980)"
2324,"Holocaust, bittersweet, emotional, Heartwarming, poignant, sentimental, tear jerker, tearjerking",Life Is Beautiful (La Vita è bella) (1997)
2329,"thought-provoking, racism, edward norton, emotional, politics",American History X (1998)
2334,terrorism,"Siege, The (1998)"
2335,football,"Waterboy, The (1998)"
2336,England,Elizabeth (1998)
2351,In Netflix queue,"Nights of Cabiria (Notti di Cabiria, Le) (1957)"
2355,Pixar,"Bug's Life, A (1998)"
2357,South America,Central Station (Central do Brasil) (1998)
2360,In Netflix queue,"Celebration, The (Festen) (1998)"
2387,"dark comedy, dark humor",Very Bad Things (1998)
2390,In Netflix queue,Little Voice (1998)
2391,heist,"Simple Plan, A (1998)"
2393,"cameo:Whoopi Goldberg, space opera, Star Trek",Star Trek: Insurrection (1998)
2394,"Bible, Moses","Prince of Egypt, The (1998)"
2396,England,Shakespeare in Love (1998)
2410,boxing,Rocky III (1982)
2411,boxing,Rocky IV (1985)
2412,boxing,Rocky V (1990)
2420,martial arts,"Karate Kid, The (1984)"
2421,martial arts,"Karate Kid, Part II, The (1986)"
2422,martial arts,"Karate Kid, Part III, The (1989)"
2423,christmas,Christmas Vacation (National Lampoon's Christmas Vacation) (1989)
2424,"e-mail, remake",You've Got Mail (1998)
2431,"doctors, bad",Patch Adams (1998)
2442,In Netflix queue,Hilary and Jackie (1998)
2463,kidnapping,Ruthless People (1986)
2467,religion,"Name of the Rose, The (Name der Rose, Der) (1986)"
2470,Australia,Crocodile Dundee (1986)
2471,Australia,Crocodile Dundee II (1988)
2491,food,Simply Irresistible (1999)
2494,"Holocaust, Hungary","Last Days, The (1998)"
2502,"stapler, workplace",Office Space (1999)
2505,Nicolas Cage,8MM (1999)
2506,disability,"Other Sister, The (1999)"
2517,Stephen King,Christine (1983)
2529,twist ending,Planet of the Apes (1968)
2550,ghosts,"Haunting, The (1963)"
2553,evil children,Village of the Damned (1960)
2554,evil children,Children of the Damned (1963)
2565,Siam,"King and I, The (1956)"
2571,"martial arts, sci-fi, alternate universe, philosophy, post apocalyptic","Matrix, The (1999)"
2572,Shakespeare sort of,10 Things I Hate About You (1999)
2579,"black and white, Christopher Nolan, directorial debut, mindfuck, not linear, Twist Ending, black and white",Following (1998)
2581,high school,Never Been Kissed (1999)
2583,southern US,Cookie's Fortune (1999)
2598,golfing,Pushing Tin (1999)
2600,virtual reality,eXistenZ (1999)
2612,motherhood,Mildred Pierce (1945)
2616,comic book,Dick Tracy (1990)
2628,"prequel, the Force",Star Wars: Episode I - The Phantom Menace (1999)
2640,superhero,Superman (1978)
2641,superhero,Superman II (1980)
2642,superhero,Superman III (1983)
2648,In Netflix queue,Frankenstein (1931)
2660,aliens,"Thing from Another World, The (1951)"
2662,classic,"War of the Worlds, The (1953)"
2664,1950s,Invasion of the Body Snatchers (1956)
2677,In Netflix queue,Buena Vista Social Club (1999)
2692,alternate endings,Run Lola Run (Lola rennt) (1998)
2693,Star Trek,Trekkies (1997)
2694,Adam Sandler,Big Daddy (1999)
2699,spiders,Arachnophobia (1990)
2700,"adult humor, controversial, crude humor, free speech, parody, satire, south park, Trey Parker","South Park: Bigger, Longer and Uncut (1999)"
2706,"best comedy, Chris Klein, dumb, Jason Biggs, not funny, pizza beer, Seann William Scott, teen",American Pie (1999)
2710,"claims to be true, video","Blair Witch Project, The (1999)"
2712,sexuality,Eyes Wide Shut (1999)
2716,ghosts,Ghostbusters (a.k.a. Ghost Busters) (1984)
2717,Ghosts,Ghostbusters II (1989)
2719,remake,"Haunting, The (1999)"
2723,superhero,Mystery Men (1999)
2726,heist,"Killing, The (1956)"
2728,"crucifixion, Rome, slavery",Spartacus (1960)
2731,"emotional, gentle, heartwarming, lyrical, reflective","400 Blows, The (Les quatre cents coups) (1959)"
2745,"Missionary, Priest","Mission, The (1986)"
2750,"nostalgia, radio",Radio Days (1987)
2761,"robots, animation","Iron Giant, The (1999)"
2762,"Atmospheric, Bruce Willis, ghosts, imdb top 250, mindfuck, stylized, twist ending, ghosts, I see dead people","Sixth Sense, The (1999)"
2787,Stephen King,Cat's Eye (1985)
2791,"aviation, spoof",Airplane! (1980)
2797,children,Big (1988)
2801,gambling,Oscar and Lucinda (a.k.a. Oscar & Lucinda) (1997)
2803,lawyers,"Pelican Brief, The (1993)"
2804,Christmas,"Christmas Story, A (1983)"
2827,aliens,"Astronaut's Wife, The (1999)"
2863,Beatles,"Hard Day's Night, A (1964)"
2871,river,Deliverance (1972)
2872,"England, King Arthur",Excalibur (1981)
2905,In Netflix queue,Sanjuro (Tsubaki Sanjûrô) (1962)
2915,prostitution,Risky Business (1983)
2918,High School,Ferris Bueller's Day Off (1986)
2919,"Academy award (Best Supporting Actress), Indonesia, journalism","Year of Living Dangerously, The (1982)"
2927,adultery,Brief Encounter (1946)
2935,gambling,"Lady Eve, The (1941)"
2937,screwball,"Palm Beach Story, The (1942)"
2939,In Netflix queue,Niagara (1953)
2940,nightclub,Gilda (1946)
2941,island,South Pacific (1958)
2943,Vietnam,Indochine (1992)
2951,bad,"Fistful of Dollars, A (Per un pugno di dollari) (1964)"
2952,gambling,Sydney (Hard Eight) (1996)
2953,"family, funny, Macaulay Culkin, sequel",Home Alone 2: Lost in New York (1992)
2959,"dark comedy, psychology, thought-provoking, twist ending, dark comedy, violence, action, atmospheric, based on a book, Brad Pitt, challenging, Chuck Palahniuk, classic, clever, complicated, consumerism, crime, dark, dark comedy, David Fincher, disturbing, double life, Edward Norton, fighting, great acting, helena bonham carter, imaginary friend, imdb top 250, mental illness, mind-blowing, mindfuck, narrated, Nudity (Topless), Palahnuik, philosophical, philosophy, postmodern, powerful ending, psychological, psychological thriller, psychology, quirky, satirical, schizophrenia, social commentary, societal criticism, stylized, surreal, TERRORISM, thought-provoking, twist, twist ending, violence, violent",Fight Club (1999)
2966,"brothers, lawn mower","Straight Story, The (1999)"
2967,evil children,"Bad Seed, The (1956)"
2968,time travel,Time Bandits (1981)
2987,live action/animation,Who Framed Roger Rabbit? (1988)
3000,"anime, adventure, atmospheric, fantasy world, Studio Ghibli, surreal",Princess Mononoke (Mononoke-hime) (1997)
3006,"tobacco, true story","Insider, The (1999)"
3007,In Netflix queue,American Movie (1999)
3011,dance marathon,"They Shoot Horses, Don't They? (1969)"
3028,Shakespeare,"Taming of the Shrew, The (1967)"
3030,samurai,Yojimbo (1961)
3039,"class, Dan Aykroyd",Trading Places (1983)
3040,camp,Meatballs (1979)
3044,"memory, music",Dead Again (1991)
3052,"irreverent, jay and silent bob, Kevin Smith, satire, religion",Dogma (1999)
3060,In Netflix queue,"Commitments, The (1991)"
3071,high school,Stand and Deliver (1988)
3072,New York,Moonstruck (1987)
3077,"In Netflix queue, Up series",42 Up (1998)
3081,Ichabod Crane,Sleepy Hollow (1999)
3087,"christmas, new york",Scrooged (1988)
3095,"depression, dust bowl","Grapes of Wrath, The (1940)"
3097,remade,"Shop Around the Corner, The (1940)"
3098,"baseball, sports","Natural, The (1984)"
3101,adultery,Fatal Attraction (1987)
3108,homeless,"Fisher King, The (1991)"
3111,racism,Places in the Heart (1984)
3114,"animation, Disney, funny, original, Pixar, sequel, Tom Hanks, Pixar",Toy Story 2 (1999)
3115,men in drag,Flawless (1999)
3125,Graham Greene,"End of the Affair, The (1999)"
3134,"downbeat, poignant",Grand Illusion (La grande illusion) (1937)
3135,fatherhood,"Great Santini, The (1979)"
3147,Stephen King,"Green Mile, The (1999)"
3152,black-and-white,"Last Picture Show, The (1971)"
3160,L.A.,Magnolia (1999)
3174,Andy Kaufman,Man on the Moon (1999)
3175,spoof,Galaxy Quest (1999)
3176,"based on a book, creepy, disturbing, Jude Law, murder, obsession, psychology, secrets, serial killer, suspense, Europe, murder","Talented Mr. Ripley, The (1999)"
3178,boxing,"Hurricane, The (1999)"
3181,Shakespeare,Titus (1999)
3186,"asylum, based on a true story, Brittany Murphy, Mental Hospital, psychology, winona ryder","Girl, Interrupted (1999)"
3192,In Netflix queue,"Terrorist, The (a.k.a. Malli) (Theeviravaathi) (1998)"
3210,high school,Fast Times at Ridgemont High (1982)
3211,"a dingo ate my baby, Australia","Cry in the Dark, A (1988)"
3247,nuns,Sister Act (1992)
3250,In Netflix queue,Alive (1993)
3258,plastic surgery,Death Becomes Her (1992)
3259,Ireland,Far and Away (1992)
3260,E.M. Forster,Howards End (1992)
3263,basketball,White Men Can't Jump (1992)
3265,"gun fu, heroic bloodshed",Hard-Boiled (Lat sau san taam) (1992)
3266,"black comedy, crazy, dark, dark comedy, dark humor, serial killer",Man Bites Dog (C'est arrivé près de chez vous) (1992)
3270,figure skating,"Cutting Edge, The (1992)"
3273,"slasher, spoof",Scream 3 (2000)
3281,sexuality,"Brandon Teena Story, The (1998)"
3306,"big top, circus","Circus, The (1928)"
3307,blind,City Lights (1931)
3310,orphans,"Kid, The (1921)"
3317,writing,Wonder Boys (2000)
3330,"adolescence, sexuality",Splendor in the Grass (1961)
3338,In Netflix queue,For All Mankind (1989)
3341,remade,Born Yesterday (1950)
3360,basketball,Hoosiers (a.k.a. Best Shot) (1986)
3384,subway,"Taking of Pelham One Two Three, The (1974)"
3385,Peace Corp,Volunteers (1985)
3386,"politics, president",JFK (1991)
3408,"scandal, true story",Erin Brockovich (2000)
3420,lawyers,...And Justice for All (1979)
3421,"college, TOGA",Animal House (1978)
3424,"racism, great cinematography",Do the Right Thing (1989)
3429,aardman,Creature Comforts (1989)
3435,Insurance,Double Indemnity (1944)
3447,Pearl S Buck,"Good Earth, The (1937)"
3451,"Hepburn and Tracy, interracial marriage, prejudice, racism",Guess Who's Coming to Dinner (1967)
3456,In Netflix queue,"Color of Paradise, The (Rang-e khoda) (1999)"
3461,island,Lord of the Flies (1963)
3462,factory,Modern Times (1936)
3468,pool,"Hustler, The (1961)"
3469,"court, evolution, religion",Inherit the Wind (1960)
3475,class,"Place in the Sun, A (1951)"
3481,"music, Nick Hornby",High Fidelity (2000)
3489,Peter Pan,Hook (1991)
3498,In Netflix queue,Midnight Express (1978)
3499,"claustrophobic, horror, scary, stephen king, suspenseful, tense, thriller",Misery (1990)
3502,death,My Life (1993)
3504,journalism,Network (1976)
3507,In Netflix queue,"Odd Couple, The (1968)"
3512,transplants,Return to Me (2000)
3515,alternate endings,Me Myself I (2000)
3526,families,Parenthood (1989)
3527,"aliens, sci-fi, scifi cult, aliens, Arnold Schwarzenegger, dialogue, guns, Jesse Ventura, macho, sci-fi, scifi cult",Predator (1987)
3528,psychiatrist,"Prince of Tides, The (1991)"
3536,"priest, rabbi",Keeping the Faith (2000)
3546,show business,What Ever Happened to Baby Jane? (1962)
3548,1920s,Auntie Mame (1958)
3549,Gambling,Guys and Dolls (1955)
3552,golf,Caddyshack (1980)
3556,"sofia coppola, 1970s, suicide","Virgin Suicides, The (1999)"
3559,In Netflix queue,Limelight (1952)
3566,"business, religion","Big Kahuna, The (2000)"
3578,"ancient Rome, Epic, history, imdb top 250, revenge, Rome, Russell Crowe, Romans",Gladiator (2000)
3608,Pee Wee Herman,Pee-wee's Big Adventure (1985)
3629,mining,"Gold Rush, The (1925)"
3671,"dark humor, easygoing, silly",Blazing Saddles (1974)
3675,Christmas,White Christmas (1954)
3676,"In Netflix queue, art house, Atmospheric, creepy, cryptic, dark, disturbing, dreamlike, enigmatic, fucked up, gruesome, hallucinatory, Insane, paranoid, strange, surreal, weird",Eraserhead (1977)
3683,Coen Brothers,Blood Simple (1984)
3712,television,Soapdish (1991)
3723,Shakespeare,Hamlet (1990)
3724,Vietnam,Coming Home (1978)
3730,spying,"Conversation, The (1974)"
3735,police,Serpico (1973)
3793,"action, comic book, hugh jackman, marvel, superhero, superhero",X-Men (2000)
3801,court,Anatomy of a Murder (1959)
3811,court,Breaker Morant (1980)
3816,missing children,"Official Story, The (La historia oficial) (1985)"
3844,diabetes,Steel Magnolias (1989)
3849,disability,The Spiral Staircase (1945)
3859,"In Netflix queue, televangelist","Eyes of Tammy Faye, The (2000)"
3877,superhero,Supergirl (1984)
3897,"music, journalism, music, Rolling Stone",Almost Famous (2000)
3910,"blindness, factory",Dancer in the Dark (2000)
3911,"satire, Dogs",Best in Show (2000)
3932,invisibility,"Invisible Man, The (1933)"
3948,"comedy, Robert De Niro",Meet the Parents (2000)
3949,"drug abuse, depressing, psychology",Requiem for a Dream (2000)
3951,In Netflix queue,Two Family House (2000)
3967,ballet,Billy Elliot (2000)
3983,family,You Can Count on Me (2000)
3988,Dr. Seuss,How the Grinch Stole Christmas (a.k.a. The Grinch) (2000)
3994,"superhero, atmospheric, comics, father-son relationship, mindfuck, unique, atmospheric, somber",Unbreakable (2000)
3996,"china, martial arts","Crouching Tiger, Hidden Dragon (Wo hu cang long) (2000)"
4007,business,Wall Street (1987)
4012,stand-up comedy,Punchline (1988)
4015,bad,"Dude, Where's My Car? (2000)"
4019,writing,Finding Forrester (2000)
4024,Edith Wharton,"House of Mirth, The (2000)"
4025,pageant,Miss Congeniality (2000)
4027,bluegrass,"O Brother, Where Art Thou? (2000)"
4029,movies,State and Main (2000)
4034,"drugs, based on a TV show",Traffic (2000)
4046,Quakers,Friendly Persuasion (1956)
4077,psychopaths,"With a Friend Like Harry... (Harry, un ami qui vous veut du bien) (2000)"
4105,zombies,"Evil Dead, The (1981)"
4113,Tennessee Williams,"Glass Menagerie, The (1987)"
4117,In Netflix queue,Hope and Glory (1987)
4138,demons,My Demon Lover (1987)
4144,"atmospheric, Beautiful, bittersweet, dreamy, elegant, heartbreaking, intimate, loneliness, long takes, longing, melancholic, melancholy, moody, nocturnal, romantic, Unique, visually appealing, visually stunning",In the Mood For Love (Fa yeung nin wa) (2000)
4160,death penalty,"Widow of St. Pierre, The (Veuve de Saint-Pierre, La) (2000)"
4164,"homeless, New York","Caveman's Valentine, The (2001)"
4166,reality TV,Series 7: The Contenders (2001)
4171,Eugene O'Neill,Long Night's Journey Into Day (2000)
4174,In Netflix queue,Avalon (1990)
4184,Christmas,"Bishop's Wife, The (1947)"
4189,"Bible, religion","Greatest Story Ever Told, The (1965)"
4190,"preacher, religion",Elmer Gantry (1960)
4191,sexuality,Alfie (1966)
4194,In Netflix queue,I Know Where I'm Going! (1945)
4204,virginity,Losin' It (1983)
4210,"Hannibal Lecter, serial killer",Manhunter (1986)
4211,von Bulow,Reversal of Fortune (1990)
4214,college,Revenge of the Nerds (1984)
4218,In Netflix queue,River's Edge (1986)
4221,football,Necessary Roughness (1991)
4223,"Ed Harris, Jude Law, Rachel Weisz, sniper, World War II",Enemy at the Gates (2001)
4226,"dark, Mindfuck, nonlinear, psychology, twist ending, mystery, psychological, twist ending, Backwards. memory, mystery, twist ending, cerebral, dreamlike",Memento (2000)
4232,spying,Spy Kids (2001)
4246,singletons,Bridget Jones's Diary (2001)
4259,Nabokov,"Luzhin Defence, The (2000)"
4262,Al Pacino,Scarface (1983)
4263,alcoholism,Days of Wine and Roses (1962)
4292,Union,Norma Rae (1979)
4296,death,Love Story (1970)
4306,fairy tales,Shrek (2001)
4312,In Netflix queue,Himalaya (Himalaya - l'enfance d'un chef) (1999)
4316,figure skating,Ice Castles (1978)
4326,"race, rasicm",Mississippi Burning (1988)
4333,Strangers on a Train,Throw Momma from the Train (1987)
4343,"really bad, Seann William Scott",Evolution (2001)
4347,Holocaust,Divided We Fall (Musíme si pomáhat) (2000)
4356,In Netflix queue,Gentlemen Prefer Blondes (1953)
4359,adultery,"Seven Year Itch, The (1955)"
4361,men in drag,Tootsie (1982)
4370,"android(s)/cyborg(s), artificial intelligence, Bittersweet, Steven Spielberg, robots",A.I. Artificial Intelligence (2001)
4380,accident,"Princess and the Warrior, The (Krieger und die Kaiserin, Der) (2000)"
4396,race,"Cannonball Run, The (1981)"
4404,In Netflix queue,Faust (1926)
4446,sci-fi,Final Fantasy: The Spirits Within (2001)
4447,lawyers,Legally Blonde (2001)
4448,"heist, boring","Score, The (2001)"
4454,"claymation, creativity, dystopia, free to download, imagination, no dialogue, social commentary",More (1998)
4465,rape,"Accused, The (1988)"
4476,twins,Big Business (1988)
4477,circus,Big Top Pee-Wee (1988)
4489,"Africa, immigrants",Coming to America (1988)
4495,New York,Crossing Delancey (1988)
4526,aliens,My Stepmother Is an Alien (1988)
4537,hippies,Running on Empty (1988)
4545,robots,Short Circuit (1986)
4546,"kidnapping, remade","Vanishing, The (Spoorloos) (1988)"
4552,"""artsy"", atmospheric, gritty, hallucinatory, surreal, visually stunning","Tetsuo, the Ironman (Tetsuo) (1988)"
4558,twins,Twins (1988)
4571,time travel,Bill & Ted's Excellent Adventure (1989)
4600,doctors,Gross Anatomy (a.k.a. A Cut Above) (1989)
4612,reciprocal spectator,Jesus of Montreal (Jésus de Montréal) (1989)
4621,babies,Look Who's Talking (1989)
4623,baseball,Major League (1989)
4638,dinosaurs,Jurassic Park III (2001)
4639,"Hollywood, movie business",America's Sweethearts (2001)
4641,adolescence,Ghost World (2001)
4677,dogs,Turner & Hooch (1989)
4678,television,UHF (1989)
4688,In Netflix queue,Black Robe (1991)
4708,reciprocal spectator,Marat/Sade (1966)
4725,"mental hospital, psychology, suspense, Well Done",Session 9 (2001)
4787,prodigies,Little Man Tate (1991)
4801,family,"Little Foxes, The (1941)"
4808,remake,"Vanishing, The (1993)"
4809,"Nuclear disaster, union",Silkwood (1983)
4812,"NASA, space",SpaceCamp (1986)
4816,"ben stiller, comedy, David Bowie, goofy, mindless one liners, Will Ferrell",Zoolander (2001)
4823,wedding,Serendipity (2001)
4835,Loretta Lynn,Coal Miner's Daughter (1980)
4857,"Judaism, Tradition!",Fiddler on the Roof (1971)
4874,"aliens, psychiatrist",K-PAX (2001)
4878,"atmospheric, cult film, dreamlike, hallucinatory, psychological, surreal, time travel, jake gyllenhaal, time travel, dreamlike, hallucinatory, mental illness, psychology, social commentary, teen, thought-provoking, atmospheric, cerebral, dreamlike, enigmatic, hallucinatory, mental illness, mindfuck, philosophy, psychological, quirky, surreal, thought-provoking, weird",Donnie Darko (2001)
4881,Coen Brothers,"Man Who Wasn't There, The (2001)"
4896,"Everything you want is here, alan rickman, harry potter, humorous, Magic, Magic, Wizards",Harry Potter and the Sorcerer's Stone (a.k.a. Harry Potter and the Philosopher's Stone) (2001)
4902,ghosts,"Devil's Backbone, The (Espinazo del diablo, El) (2001)"
4920,psychology,"Now, Voyager (1942)"
4963,heist,Ocean's Eleven (2001)
4969,In Netflix queue,And Then There Were None (1945)
4970,"nightclub, singers","Blue Angel, The (Blaue Engel, Der) (1930)"
4973,whimsical,"Amelie (Fabuleux destin d'Amélie Poulain, Le) (2001)"
4979,new york,"Royal Tenenbaums, The (2001)"
4980,time travel,Bill & Ted's Bogus Journey (1991)
4993,"fantasy, high fantasy, Magic, mythology, tolkien, wizards, Tolkein","Lord of the Rings: The Fellowship of the Ring, The (2001)"
4995,mathematics,"Beautiful Mind, A (2001)"
4998,racism,"Defiant Ones, The (1958)"
5008,"Agatha Christie, court",Witness for the Prosecution (1957)
5012,"cross dressing, Judaism",Yentl (1983)
5015,race,Monster's Ball (2001)
5034,Ghost,"Truly, Madly, Deeply (1991)"
5064,"Dumas, revenge, remake",The Count of Monte Cristo (2002)
5088,irreverent,"Going Places (Valseuses, Les) (1974)"
5114,movie business,"Bad and the Beautiful, The (1952)"
5120,In Netflix queue,Sleuth (1972)
5135,India,Monsoon Wedding (2001)
5139,baseball,"Bad News Bears, The (1976)"
5213,religion,"Oh, God! Book II (1980)"
5224,In Netflix queue,Promises (2001)
5238,In Netflix queue,Return of the Secaucus 7 (1980)
5254,"Great movie, Wesley Snipes",Blade II (2002)
5266,crime,Panic Room (2002)
5291,"black and white, samurai, In Netflix queue, samurai",Rashomon (Rashômon) (1950)
5294,religion,Frailty (2001)
5304,In Netflix queue,"Rome, Open City (a.k.a. Open City) (Roma, città aperta) (1945)"
5316,World War II,Enigma (2001)
5349,superhero,Spider-Man (2002)
5353,blind,Butterflies Are Free (1972)
5377,Nick Hornby,About a Boy (2002)
5379,"anti-Semitism, Judaism","Believer, The (2001)"
5388,"Al Pacino, atmospheric, Hilary Swank, Robin Williams, atmospheric, insomnia, thought-provoking",Insomnia (2002)
5398,boxing,Requiem for a Heavyweight (1962)
5404,books,84 Charing Cross Road (1987)
5445,future,Minority Report (2002)
5446,Australia,Rabbit-Proof Fence (2002)
5450,"sisterhood, women",Lovely & Amazing (2001)
5451,"disability, mental illness",Pumpkin (2002)
5459,"crappy sequel, first was much better, sequel",Men in Black II (a.k.a. MIIB) (a.k.a. MIB 2) (2002)
5464,"cinematography, Tom Hanks",Road to Perdition (2002)
5470,Oscar Wilde,The Importance of Being Earnest (1952)
5475,In Netflix queue,Z (1969)
5483,movie business,"Kid Stays in the Picture, The (2002)"
5498,In Netflix queue,Red Beard (Akahige) (1965)
5502,aliens,Signs (2002)
5505,"adultery, younger men","Good Girl, The (2002)"
5527,"AS Byatt, books",Possession (2002)
5528,"photography, psychopaths",One Hour Photo (2002)
5548,homeless,Down and Out in Beverly Hills (1986)
5577,adolescence,Igby Goes Down (2002)
5601,Animal movie,"Yearling, The (1946)"
5603,"crime, heist","Lavender Hill Mob, The (1951)"
5618,anime,Spirited Away (Sen to Chihiro no kamikakushi) (2001)
5629,Bible,Jonah: A VeggieTales Movie (2002)
5630,Hannibal Lecter,Red Dragon (2002)
5633,bombs,Heaven (2002)
5644,"baseball, Lou Gehrig","Pride of the Yankees, The (1942)"
5669,violence in america,Bowling for Columbine (2002)
5673,"pudding, anger, awkward, bittersweet, hallucinatory, quirky, sad, surreal, symbolism, tense, unconventional, unique, wistful",Punch-Drunk Love (2002)
5682,Holocaust,"Grey Zone, The (2001)"
5685,Girl Power,Real Women Have Curves (2002)
5690,"made me cry, orphans, beautiful, downbeat, grim, poignant, tear jerker, tragedy, tragic",Grave of the Fireflies (Hotaru no haka) (1988)
5694,70mm,Staying Alive (1983)
5721,"In Netflix queue, Judaism","Chosen, The (1981)"
5747,World War I,Gallipoli (1981)
5791,art,Frida (2002)
5792,dating,Roger Dodger (2002)
5802,teenagers,"World of Henry Orient, The (1964)"
5812,salute to Douglas Sirk,Far from Heaven (2002)
5816,"Magic, Wizards",Harry Potter and the Chamber of Secrets (2002)
5820,music business,Standing in the Shadows of Motown (2002)
5875,short films,Personal Velocity (2002)
5876,Graham Greene,"Quiet American, The (2002)"
5878,coma,Talk to Her (Hable con Ella) (2002)
5899,Africa,Zulu (1964)
5952,"Myth, Tolkein","Lord of the Rings: The Two Towers, The (2002)"
5954,"crime, nightclub",25th Hour (2002)
5971,anime,My Neighbor Totoro (Tonari no Totoro) (1988)
5989,"crime, cheating, intelligent, Leonardo DiCaprio, lies, smart, Tom Hanks, twists & turns",Catch Me If You Can (2002)
5991,"court, jazz, murder",Chicago (2002)
5994,Dickens,Nicholas Nickleby (2002)
5995,"holocaust, true story, Holocaust","Pianist, The (2002)"
6002,"drugs, planes, widows/widowers",Love Liza (2002)
6003,television,Confessions of a Dangerous Mind (2002)
6016,"multiple storylines, true story, crime, photography, violence, not seen",City of God (Cidade de Deus) (2002)
6020,class,Alice Adams (1935)
6027,In Netflix queue,Dogfight (1991)
6031,"motherhood, race",Imitation of Life (1959)
6041,In Netflix queue,Amen. (2002)
6058,"sequel, violent",Final Destination 2 (2003)
6063,doll,May (2002)
6090,ghosts,Kiss Me Goodbye (1982)
6101,"Chile, politics, South America",Missing (1982)
6104,spoof,Monty Python Live at the Hollywood Bowl (1982)
6107,World War II,"Night of the Shooting Stars (Notte di San Lorenzo, La) (1982)"
6156,England,Shanghai Knights (2003)
6157,"bad, Ben Affleck",Daredevil (2003)
6159,adolescence,All the Real Girls (2003)
6163,obsession,He Loves Me... He Loves Me Not (À la folie... pas du tout) (2002)
6170,horses,"Black Stallion, The (1979)"
6178,"blind, blindness, race","Patch of Blue, A (1965)"
6181,"Civil War, Stephen Crane","Red Badge of Courage, The (1951)"
6183,"Day and Hudson, sexuality",Pillow Talk (1959)
6188,"comedy, Will Ferrell",Old School (2003)
6195,"books, Stones of Summer",Stone Reader (2002)
6197,mental illness,Spider (2002)
6201,England,Lady Jane (1986)
6214,"dark, disturbing",Irreversible (Irréversible) (2002)
6216,World War II,Nowhere in Africa (Nirgendwo in Afrika) (2001)
6218,soccer,Bend It Like Beckham (2002)
6228,In Netflix queue,"Talk of the Town, The (1942)"
6232,"animal movie, lions",Born Free (1966)
6235,"Holocaust, World War II",Europa Europa (Hitlerjunge Salomon) (1990)
6238,immigrants,Green Card (1990)
6242,television,Ringu (Ring) (1998)
6244,In Netflix queue,Salaam Bombay! (1988)
6245,prostitution,Sweet Charity (1969)
6254,screwball,"Awful Truth, The (1937)"
6268,adolescence,Raising Victor Vargas (2002)
6269,Big Brothers,Stevie (2002)
6273,L.A.,In a Lonely Place (1950)
6281,crime,Phone Booth (2002)
6283,"amazing artwork, anime, sci-fi",Cowboy Bebop: The Movie (Cowboy Bebop: Tengoku no Tobira) (2001)
6286,amnesia,"Man Without a Past, The (Mies vailla menneisyyttä) (2002)"
6288,gangs,Better Luck Tomorrow (2002)
6289,Titanic,Ghosts of the Abyss (2003)
6290,Rob Zombie,House of 1000 Corpses (2003)
6291,"prostitution, Depressing, melancholy, sad",Lilya 4-Ever (Lilja 4-ever) (2002)
6296,mockumentary,"Mighty Wind, A (2003)"
6297,children,Holes (2003)
6299,birds,"Winged Migration (Peuple migrateur, Le) (2001)"
6305,Ray Bradbury,Fahrenheit 451 (1966)
6308,lawyers,Legal Eagles (1986)
6323,John Cusack,Identity (2003)
6327,"1970s, movies","Decade Under the Influence, A (2003)"
6331,spelling bee,Spellbound (2002)
6333,"Jean Grey, Magneto, Rogue, superhero, Wolverine",X2: X-Men United (2003)
6334,teachers,Blue Car (2002)
6337,gambling,Owning Mahowny (2003)
6339,trains,"Man on the Train (Homme du train, L') (2002)"
6341,art,"Shape of Things, The (2003)"
6350,anime,Laputa: Castle in the Sky (Tenkû no shiro Rapyuta) (1986)
6367,"Ewan McGregor, Renee Zellweger, retro",Down with Love (2003)
6368,movies,Cinemania (2002)
6373,"religion, classic",Bruce Almighty (2003)
6375,"In Netflix queue, They Might Be Giants",Gigantic (A Tale of Two Johns) (2002)
6377,"Disney, fish, heartwarming",Finding Nemo (2003)
6378,heist,"Italian Job, The (2003)"
6380,child abuse,Capturing the Friedmans (2003)
6385,Girl Power,Whale Rider (2002)
6390,Ninotchka remake,Silk Stockings (1957)
6400,"documentary, crime",Murder on a Sunday Morning (Un coupable idéal) (2001)
6407,"Olympics, Tokyo","Walk, Don't Run (1966)"
6422,Civil War,Shenandoah (1965)
6440,movie business,Barton Fink (1991)
6452,In Netflix queue,"Long, Hot Summer, The (1958)"
6454,Nazis,Music Box (1989)
6466,In Netflix queue,Mississippi Masala (1991)
6502,"zombies, zombies",28 Days Later (2002)
6515,fugitive,You Only Live Once (1937)
6516,In Netflix queue,Anastasia (1956)
6534,"dogs, Eric Bana, mad scientist, marvel",Hulk (2003)
6535,politics,"Legally Blonde 2: Red, White & Blonde (2003)"
6536,swashbuckler,Sinbad: Legend of the Seven Seas (2003)
6539,swashbuckler,Pirates of the Caribbean: The Curse of the Black Pearl (2003)
6541,"captain nemo, comic book, gothic, Peta Wilson, Sean Connery, superhero","League of Extraordinary Gentlemen, The (a.k.a. LXG) (2003)"
6545,Dodie Smith,I Capture the Castle (2003)
6547,flood,Northfork (2003)
6552,immigration,Dirty Pretty Things (2002)
6564,"adventure, Angelina Jolie, heroine in tight suit",Lara Croft Tomb Raider: The Cradle of Life (2003)
6565,horses,Seabiscuit (2003)
6579,Japan,"One, Two, Three (1961)"
6591,religion,"Magdalene Sisters, The (2002)"
6592,marriage,"Secret Lives of Dentists, The (2002)"
6603,Othello,"Double Life, A (1947)"
6609,Bible,"Gospel According to St. Matthew, The (Vangelo secondo Matteo, Il) (1964)"
6620,cancer,American Splendor (2003)
6636,road trip,"Sure Thing, The (1985)"
6639,blindness,Wait Until Dark (1967)
6650,"family, multiple roles, murder",Kind Hearts and Coronets (1949)
6660,ballet,"Red Shoes, The (1948)"
6662,Clousseau,"Pink Panther, The (1963)"
6667,FBI,Waco: The Rules of Engagement (1997)
6668,In Netflix queue,"Road Home, The (Wo de fu qin mu qin) (1999)"
6669,"terminal illness, meditative, philosophical, poignant, purposefulness",Ikiru (1952)
6708,"con men, fatherhood",Matchstick Men (2003)
6710,vertriloquism,Dummy (2002)
6711,"atmospheric, Japan",Lost in Translation (2003)
6713,In Netflix queue,Millennium Actress (Sennen joyû) (2001)
6724,In Netflix queue,Paper Moon (1973)
6732,matchmaker,"Hello, Dolly! (1969)"
6744,vampire,Once Bitten (1985)
6753,Animal movie,Secondhand Lions (2003)
6768,religion,Luther (2003)
6770,"adultery, terminal illness",My Life Without Me (2003)
6773,biking,"Triplets of Belleville, The (Les triplettes de Belleville) (2003)"
6776,India,Lagaan: Once Upon a Time in India (2001)
6785,Lonesome Polecat,Seven Brides for Seven Brothers (1954)
6786,In Netflix queue,Kiss of the Spider Woman (1985)
6787,"journalism, Watergate, Deep Throat",All the President's Men (1976)
6788,pregnancy,Angie (1994)
6791,Food,Babette's Feast (Babettes gæstebud) (1987)
6807,british comedy,Monty Python's The Meaning of Life (1983)
6810,domestic violence,Sleeping with the Enemy (1991)
6818,"atmospheric, bleak, disturbing, gritty, harsh",Come and See (Idi i smotri) (1985)
6820,werewolf,Ginger Snaps (2000)
6832,amnesia,Regarding Henry (1991)
6849,Christmas,Scrooge (1970)
6852,"black and white, Capote, crime, death penalty, murder",In Cold Blood (1967)
6856,biopic,Yankee Doodle Dandy (1942)
6863,school,School of Rock (2003)
6867,trains,"Station Agent, The (2003)"
6870,"child abuse, kidnapping",Mystic River (2003)
6874,"martial arts, revenge",Kill Bill: Vol. 1 (2003)
6881,Thanksgiving,Pieces of April (2003)
6890,"adolescence, violence in america",Elephant (2003)
6909,transplants,"Eye, The (Gin gwai) (Jian gui) (2002)"
6912,Rita Hayworth can dance!,You'll Never Get Rich (1941)
6918,India,"Unvanquished, The (Aparajito) (1957)"
6932,journalism,Shattered Glass (2003)
6936,christmas,Elf (2003)
6938,"big wave, surfing",Billabong Odyssey (2003)
6944,"remake, wedding",Father of the Bride (1991)
6948,"music business, rap",Tupac: Resurrection (2003)
6953,DEPRESSING,21 Grams (2003)
6963,Amish,Devil's Playground (2002)
6970,Hepburn and Tracy,Desk Set (1957)
6979,Cold War,WarGames (1983)
6981,religion,"Ordet (Word, The) (1955)"
6984,Dickens,"Tale of Two Cities, A (1935)"
6985,saint,"Passion of Joan of Arc, The (Passion de Jeanne d'Arc, La) (1928)"
6993,family,Hannah and Her Sisters (1986)
7013,good and evil,"Night of the Hunter, The (1955)"
7018,"court, Scott Turow",Presumed Innocent (1990)
7020,Notable Nudity,Proof (1991)
7022,"based on a book, bloody, brutal, controversial, dystopia, goretastic, satire, social commentary, survival, violence",Battle Royale (Batoru rowaiaru) (2000)
7023,In Netflix queue,"Wedding Banquet, The (Xi yan) (1993)"
7024,"bleak, confrontational, disturbing, harsh, haunting, inhumane, thought-provoking","Salo, or The 120 Days of Sodom (Salò o le 120 giornate di Sodoma) (1976)"
7025,In Netflix queue,"Midnight Clear, A (1992)"
7049,Astaire and Rogers,Flying Down to Rio (1933)
7050,Astaire and Rogers,Follow the Fleet (1936)
7053,Astaire and Rogers,Roberta (1935)
7055,Astaire and Rogers,Swing Time (1936)
7059,horses,National Velvet (1944)
7061,terminal illness,Dark Victory (1939)
7062,"birds, prison",Birdman of Alcatraz (1962)
7069,"In Netflix queue, Shakespeare","Macbeth (a.k.a. Tragedy of Macbeth, The) (1971)"
7070,cattle drive,Red River (1948)
7071,In Netflix queue,"Woman Under the Influence, A (1974)"
7073,Clousseau,"Shot in the Dark, A (1964)"
7078,"Bette Davis, Oscar (Best Actress)",Jezebel (1938)
7079,disability,"Hunchback of Notre Dame, The (1939)"
7086,George Bernard Shaw,Pygmalion (1938)
7087,E.M. Forster,"Passage to India, A (1984)"
7088,In Netflix queue,Black Orpheus (Orfeu Negro) (1959)
7090,martial arts,Hero (Ying xiong) (2002)
7091,Marx brothers,Horse Feathers (1932)
7121,Hepburn and Tracy,Adam's Rib (1949)
7132,"Marx brothers, opera","Night at the Opera, A (1935)"
7139,immigrants,In America (2002)
7141,In Netflix queue,My Flesh and Blood (2003)
7147,"dreamlike, sentimental, surreal, Tim Burton",Big Fish (2003)
7153,"Adventure, ensemble cast, fantasy, fantasy world, great soundtrack, lord of the rings, scenic, stylized, Tolkien, Tolkein","Lord of the Rings: The Return of the King, The (2003)"
7156,Vietnam,"Fog of War: Eleven Lessons from the Life of Robert S. McNamara, The (2003)"
7158,real estate,House of Sand and Fog (2003)
7160,serial killer,Monster (2003)
7162,Civil War,Cold Mountain (2003)
7190,Charlotte Bronte,Jane Eyre (1970)
7212,"cross dressing, men in drag",I Was a Male War Bride (1949)
7217,amnesia,Dark Passage (1947)
7218,In Netflix queue,"Ox-Bow Incident, The (1943)"
7219,truckers,They Drive by Night (1940)
7234,circus,"Strada, La (1954)"
7254,"alternate reality, sci-fi, science fiction, time travel",The Butterfly Effect (2004)
7256,mountain climbing,Touching the Void (2003)
7285,adolescence,Thirteen (2003)
7301,"priest, religion",Diary of a Country Priest (Journal d'un curé de campagne) (1951)
7318,religion,"Passion of the Christ, The (2004)"
7323,Cold War,"Good bye, Lenin! (2003)"
7361,"alternate reality, memory, thought-provoking, jim carrey, memory, cult film, imagination, Jim Carrey, love, surreal, arthouse, artistic, atmospheric, beautiful, bittersweet, colourful, comedy, dreamlike, emotional, feel-good, happpiness, humane, insightful, intelligent, lovely, melancholy, mind-bending, philosophy, quirky, quirky romantic, romantic, surreal, surrealism, thought-provoking",Eternal Sunshine of the Spotless Mind (2004)
7371,Grace,Dogville (2003)
7382,"adolescence, crime, for katie",I'm Not Scared (Io non ho paura) (2003)
7438,revenge,Kill Bill: Vol. 2 (2004)
7439,comic book,"Punisher, The (2004)"
7440,Holocaust,Paper Clips (2004)
7444,Mark Ruffalo,13 Going on 30 (2004)
7451,"clever, High School, lesbian subtext, High School",Mean Girls (2004)
7479,World War II,Watch on the Rhine (1943)
7493,multiple personalities,"Three Faces of Eve, The (1957)"
7572,cancer,Wit (2001)
7584,"Hepburn and Tracy, marriage",Woman of the Year (1942)
7614,Rogers and Hammerstein,Oklahoma! (1955)
7618,"biopic, In Netflix queue",Chaplin (1992)
7619,"blindness, deaf","Miracle Worker, The (1962)"
7646,Stephen King,Rose Red (2002)
7649,space station,Babylon 5: In the Beginning (1998)
7700,In Netflix queue,"Wages of Fear, The (Salaire de la peur, Le) (1953)"
7705,"Hepburn and Tracy, sports",Pat and Mike (1952)
7713,sexuality,Cat People (1942)
7714,King Arthur,Camelot (1967)
7728,adultery,"Postman Always Rings Twice, The (1946)"
7748,In Netflix queue,Pierrot le fou (1965)
7766,MacBeth,Throne of Blood (Kumonosu jô) (1957)
7789,terrorism,"11'09""01 - September 11 (2002)"
7792,In Netflix queue,"Parallax View, The (1974)"
7831,Nick and Nora Charles,Another Thin Man (1939)
7832,Nick and Nora Charles,"Thin Man Goes Home, The (1945)"
7833,Nick and Nora Charles,Shadow of the Thin Man (1941)
7834,Nick and Nora Charles,After the Thin Man (1936)
7835,Nick and Nora Charles,Song of the Thin Man (1947)
7924,In Netflix queue,Stray Dog (Nora inu) (1949)
7926,In Netflix queue,High and Low (Tengoku to jigoku) (1963)
7932,"Amtrak, Homeless, independent, New York, Sundance award winner, Train",Dark Days (2000)
7934,psychology,Zelig (1983)
7936,austere,Shame (Skammen) (1968)
7981,police,Infernal Affairs (Mou gaan dou) (2002)
7983,show business,Broadway Danny Rose (1984)
8011,politics,"Weather Underground, The (2002)"
8014,In Netflix queue,"Spring, Summer, Fall, Winter... and Spring (Bom yeoreum gaeul gyeoul geurigo bom) (2003)"
8019,remade,Dark Water (Honogurai mizu no soko kara) (2002)
8033,In Netflix queue,How to Steal a Million (1966)
8094,In Netflix queue,Bad Day at Black Rock (1955)
8153,Van Gogh,Lust for Life (1956)
8167,swashbuckler,Captain Blood (1935)
8183,In Netflix queue,Educating Rita (1983)
8188,Not available from Netflix,Sansho the Bailiff (Sanshô dayû) (1954)
8190,In Netflix queue,"Americanization of Emily, The (1964)"
8191,Anne Boleyn,Anne of the Thousand Days (1969)
8197,In Netflix queue,Hiroshima Mon Amour (1959)
8207,assassination,"Day of the Jackal, The (1973)"
8228,heist,"Maltese Falcon, The (a.k.a. Dangerous Female) (1931)"
8235,Clock,Safety Last! (1923)
8266,Prince,Purple Rain (1984)
8275,In Netflix queue,College (1927)
8335,heartbreaking,Make Way for Tomorrow (1937)
8337,military,"Caine Mutiny, The (1954)"
8338,"convent, religion",Black Narcissus (1947)
8341,Dickens,Oliver Twist (1948)
8360,ogres,Shrek 2 (2004)
8366,"pregnancy, religion",Saved! (2004)
8368,"Magic, Wizards",Harry Potter and the Prisoner of Azkaban (2004)
8375,politics,"Hunting of the President, The (2004)"
8376,high school,Napoleon Dynamite (2004)
8379,In Netflix queue,"Dresser, The (1983)"
8382,death,Hello Again (1987)
8424,divorce,"Divorcee, The (1930)"
8446,World War II,Sands of Iwo Jima (1949)
8463,deafness,Johnny Belinda (1948)
8464,"food, McDonalds",Super Size Me (2004)
8477,post-apocalyptic,"Jetée, La (1962)"
8507,circus,Freaks (1932)
8530,Ireland,Dear Frankie (2004)
8533,"memory loss, romance, sad","Notebook, The (2004)"
8580,"fairy tales, In Netflix queue",Into the Woods (1991)
8607,In Netflix queue,Tokyo Godfathers (2003)
8609,In Netflix queue,Our Hospitality (1923)
8622,"politics, terrorism",Fahrenheit 9/11 (2004)
8636,Doc Ock,Spider-Man 2 (2004)
8638,generation X,Before Sunset (2004)
8641,"hilarious, Steve Carell, Will Ferrell, stupid, awesome, comedy, Will Ferrell",Anchorman: The Legend of Ron Burgundy (2004)
8645,"drugs, immigrants","Maria Full of Grace (Maria, Llena eres de gracia) (2004)"
8695,court,"Bachelor and the Bobby-Soxer, The (1947)"
8714,Cole Porter,Night and Day (1946)
8754,Oscar (Best Actress),"Prime of Miss Jean Brodie, The (1969)"
8765,In Netflix queue,This Gun for Hire (1942)
8783,"Atmospheric, good soundtrack, M. Night Shyamalan","Village, The (2004)"
8784,psychology,Garden State (2004)
8796,Rome,"Funny Thing Happened on the Way to the Forum, A (1966)"
8809,Australia,Danny Deckchair (2003)
8827,Stand Up,"Bill Cosby, Himself (1983)"
8838,In Netflix queue,Alice Doesn't Live Here Anymore (1974)
8874,zombies,Shaun of the Dead (2004)
8875,"alcoholism, marriage","Come Back, Little Sheba (1952)"
8879,"Agatha Christie, Oscar (Best Supporting Actress), train",Murder on the Orient Express (1974)
8880,disability,Mask (1985)
8914,time travel,Primer (2004)
8920,Oscar (Best Actress),"Country Girl, The (1954)"
8938,"parenthood, psychology",Tarnation (2003)
8943,stage,Being Julia (2004)
8949,wine,Sideways (2004)
8950,"Christian Bale, creepy, powerful ending, psychology, schizophrenia, twist ending, psychology",The Machinist (2004)
8951,abortion,Vera Drake (2004)
8957,"brutal, clever, Disturbing, great ending, mindfuck, surprise ending, suspense",Saw (2004)
8958,biopic,Ray (2004)
8961,"Disney, superhero, animation, Samuel L. Jackson","Incredibles, The (2004)"
8970,Peter Pan,Finding Neverland (2004)
8979,Hearst,Guerrilla: The Taking of Patty Hearst (2004)
8983,martial arts,House of Flying Daggers (Shi mian mai fu) (2004)
8998,In Netflix queue,That's Entertainment (1974)
9010,cruel characters,Love Me If You Dare (Jeux d'enfants) (2003)
9018,journalism,Control Room (2004)
25753,gold,Greed (1924)
25771,"mindfuck, surreal, surrealism","Andalusian Dog, An (Chien andalou, Un) (1929)"
25825,revenge,Fury (1936)
25841,show business,Stage Door (1937)
25855,In Netflix queue,"Roaring Twenties, The (1939)"
25865,In Netflix queue,"Letter, The (1940)"
25886,made me cry,Random Harvest (1942)
25940,mirrors,"Lady from Shanghai, The (1947)"
25952,In Netflix queue,"Letter to Three Wives, A (1949)"
26085,Not available from Netflix,Mutiny on the Bounty (1962)
26131,In Netflix queue,"Battle of Algiers, The (La battaglia di Algeri) (1966)"
26151,donkey,Au Hasard Balthazar (1966)
26242,In Netflix queue,Duel (1971)
26662,anime,Kiki's Delivery Service (Majo no takkyûbin) (1989)
26717,"boring, psychedelic, symbolic",Begotten (1990)
26776,In Netflix queue,Porco Rosso (Crimson Pig) (Kurenai no buta) (1992)
27020,"drugs, lesbian",Gia (1998)
27156,"anime, end of the world, epic, mecha, psychology","Neon Genesis Evangelion: The End of Evangelion (Shin seiki Evangelion Gekijô-ban: Air/Magokoro wo, kimi ni) (1997)"
27660,"animation, anime, cyberpunk, dark, Matrix, sci-fi","Animatrix, The (2003)"
27706,"dark comedy, Jim Carrey, meryl streep, quirky, stylized",Lemony Snicket's A Series of Unfortunate Events (2004)
27731,In Netflix queue,"Cat Returns, The (Neko no ongaeshi) (2002)"
27741,In Netflix queue,"Twilight Samurai, The (Tasogare Seibei) (2002)"
27773,"bizarre, claustrophobic, depressing, disturbing, hallucinatory, paranoid, surreal, twisted",Old Boy (2003)
27790,"religion, saints",Millions (2004)
27808,"Adam Sandler, family, sweet",Spanglish (2004)
27820,"Animal movie, camels","Story of the Weeping Camel, The (Geschichte vom weinenden Kamel, Die) (2003)"
27831,"British gangster, confusing, daniel craig, Exquisite plotting., organized crime, stylish, Tom Hardy",Layer Cake (2004)
27834,fatherhood,"Return, The (Vozvrashcheniye) (2003)"
27838,revenge,Mean Creek (2004)
27878,India,Born into Brothels (2004)
27882,surfing,Riding Giants (2004)
30707,boxing,Million Dollar Baby (2004)
30749,genocide,Hotel Rwanda (2004)
30793,roald dahl,Charlie and the Chocolate Factory (2005)
30810,"heartwarming, off-beat comedy, quirky, trippy, visually appealing, whimsical","Life Aquatic with Steve Zissou, The (2004)"
30812,"biopic, Howard Hughes, movie business","Aviator, The (2004)"
30820,child abuse,"Woodsman, The (2004)"
30822,busniess,In Good Company (2004)
30825,"Ben Stiller, Robert De Niro",Meet the Fockers (2004)
30850,Shakespeare,"Merchant of Venice, The (2004)"
30892,"Animation, Documentary, Henry Darger",In the Realms of the Unreal (2004)
31030,motherhood,I Remember Mama (1948)
31437,orphans,Nobody Knows (Dare mo shiranai) (2004)
31658,"anime, fantasy world, Hayao Miyazaki, Studio Ghibli, 06 Oscar Nominated Best Movie - Animation, In Netflix queue",Howl's Moving Castle (Hauru no ugoku shiro) (2004)
31903,marriage,Zelary (2003)
31923,In Netflix queue,"Three Musketeers, The (1973)"
32160,In Netflix queue,Twentieth Century (1934)
32371,In Netflix queue,Call Northside 777 (1948)
32582,"birds, parrots","Wild Parrots of Telegraph Hill, The (2003)"
32584,fatherhood,"Ballad of Jack and Rose, The (2005)"
32587,cult,Sin City (2005)
33154,"business, money, scandal",Enron: The Smartest Guys in the Room (2005)
33162,"David Thewlis, Eva Green, Liam Neeson, Orlando Bloom",Kingdom of Heaven (2005)
33166,racism,Crash (2004)
33493,"space, space opera",Star Wars: Episode III - Revenge of the Sith (2005)
33660,"boksdrama, boxing",Cinderella Man (2005)
34150,"Chris Evans, comic book, heroine in tight suit, Jessica Alba, sexy female scientist, superhero",Fantastic Four (2005)
34162,stiller,Wedding Crashers (2005)
34271,hip hop,Hustle & Flow (2005)
34323,Rob Zombie,"Devil's Rejects, The (2005)"
34359,pregnancy,Georgy Girl (1966)
34405,"predictable, Firefly",Serenity (2005)
34437,In Netflix queue,Broken Flowers (2005)
34482,In Netflix queue,"Browning Version, The (1951)"
34528,pregnancy,Junebug (2005)
34542,"Animal movie, bears",Grizzly Man (2005)
35015,"Animal movie, In Netflix queue",Duma (2005)
35836,"BEST PICTURE, classic, hilarious, steve carell","40-Year-Old Virgin, The (2005)"
36517,"Africa, business, politics","Constant Gardener, The (2005)"
36527,mathematics,Proof (2005)
36529,wapendrama,Lord of War (2005)
36535,In Netflix queue,Everything Is Illuminated (2005)
37240,In Netflix queue,Why We Fight (2005)
37384,restaurant,Waiting... (2005)
37729,"gothic, helena bonham carter, Johnny Depp, Tim Burton, visually appealing, animation, 06 Oscar Nominated Best Movie - Animation",Corpse Bride (2005)
37733,In Netflix queue,"History of Violence, A (2005)"
37736,Dickens,Oliver Twist (2005)
37741,Truman Capote,Capote (2005)
38038,"06 Oscar Nominated Best Movie - Animation, Aardman",Wallace & Gromit in The Curse of the Were-Rabbit (2005)
38061,"black comedy, clever, fast-paced dialogue, good dialogue, Robert Downey Jr., witty, In Netflix queue",Kiss Kiss Bang Bang (2005)
38798,sisters,In Her Shoes (2005)
38886,divorce,"Squid and the Whale, The (2005)"
39234,"courtroom drama, In Netflix queue",North Country (2005)
39292,"In Netflix queue, journalism, McCarthy hearings, Morrow","Good Night, and Good Luck. (2005)"
40278,"Jake Gyllenhaal, Modern war",Jarhead (2005)
40491,depression,"Match Factory Girl, The (Tulitikkutehtaan tyttö) (1990)"
40583,In Netflix queue,Syriana (2005)
40629,In Netflix queue,Pride & Prejudice (2005)
40815,"Magic, Wizards",Harry Potter and the Goblet of Fire (2005)
40819,Johnny Cash,Walk the Line (2005)
40955,transvestite,Breakfast on Pluto (2005)
41566,C.S. Lewis,"Chronicles of Narnia: The Lion, the Witch and the Wardrobe, The (2005)"
41569,big budget,King Kong (2005)
41997,In Netflix queue,Munich (2005)
42002,In Netflix queue,"Producers, The (2005)"
42422,love,Voices of a Distant Star (Hoshi no koe) (2003)
42632,brutality,Lady Vengeance (Sympathy for Lady Vengeance) (Chinjeolhan geumjassi) (2005)
42740,In Netflix queue,Looking for Comedy in the Muslim World (2005)
44665,twist ending,Lucky Number Slevin (2006)
44889,satire,Reefer Madness: The Movie Musical (2005)
45447,"adventure, Audrey Tautou, conspiracy theory, Mystery, Paris, Tom Hanks, treasure hunt","Da Vinci Code, The (2006)"
45499,"Halle Berry, Hugh Jackman",X-Men: The Last Stand (2006)
45730,"bad, disappointing, faerie tale, fairy tale, far fetched, M. Night Shyamalan, Paul Giamatti",Lady in the Water (2006)
45880,"cinematography, lyrical",Marie Antoinette (2006)
46723,"Brad Pitt, cate blanchett, multiple storylines, social commentary",Babel (2006)
46972,"Ben Stiller, Robin Williams",Night at the Museum (2006)
46976,"emma thompson, Maggie Gyllenhaal, modern fantasy, romance, surreal, Will Ferrell",Stranger than Fiction (2006)
47610,"costume drama, Edward Norton, magic, Paul Giamatti","Illusionist, The (2006)"
48394,"atmospheric, bittersweet, visually appealing","Pan's Labyrinth (Laberinto del fauno, El) (2006)"
48516,"way too long, Leonardo DiCaprio, suspense, twist ending, undercover cop, atmospheric, Jack Nicholson, Leonardo DiCaprio, Martin Scorsese, suspense","Departed, The (2006)"
48698,the catholic church is the most corrupt organization in history,Deliver Us from Evil (2006)
48780,"ummarti2006, atmospheric, enigmatic","Prestige, The (2006)"
49130,Marion Cotillard,"Good Year, A (2006)"
49530,"Africa, corruption, Jennifer Connelly, justice, Leonardo DiCaprio",Blood Diamond (2006)
50872,"a clever chef rat, inspirational, clever, inspirational",Ratatouille (2007)
51255,british comedy,Hot Fuzz (2007)
52287,Something for everyone in this one... saw it without and plan on seeing it with kids!,Meet the Robinsons (2007)
52604,"Anthony Hopkins, courtroom drama, twist ending",Fracture (2007)
52712,"HORRIBLE ACTING, interesting","Invisible, The (2007)"
52885,dreamlike,Paprika (Papurika) (2006)
53127,"based on a play, conspiracy theory, creepy, Insanity, paranoia, PTSD",Bug (2007)
53464,"bad acting, bad jokes, bad plot, Chris Evans, Jessica Alba, Marvel, sexy female scientist",Fantastic Four: Rise of the Silver Surfer (2007)
53468,zombies,Fido (2006)
54286,"assassin, assassin-in-training (scene), espionage, Robert Ludlum","Bourne Ultimatum, The (2007)"
54503,"friendship, high school, Michael Cera, nerds, self discovery, shenanigans, virginity",Superbad (2007)
54997,Christian Bale,3:10 to Yuma (2007)
55167,anime,Tekkonkinkreet (Tekkon kinkurîto) (2006)
55290,"Casey Affleck, great performances, twist",Gone Baby Gone (2007)
55721,Favelas,Elite Squad (Tropa de Elite) (2007)
55765,"corruption, Denzel Washington, mafia, organized crime",American Gangster (2007)
56174,"alone in the world, apocalypse, based on a book, last man on earth, plot holes, Post apocalyptic, post-apocalyptic, religion, vampire",I Am Legend (2007)
56367,"Michael Cera, notable soundtrack, pregnancy, teenage pregnancy, witty",Juno (2007)
56782,"atmospheric, cerebral, character study, gritty, intense, long shots, morality, visually appealing",There Will Be Blood (2007)
57502,"abstract, dark, psychedelic, surreal",Cat Soup (Nekojiru-so) (2001)
57669,"black comedy, Colin Farrell, dark comedy, drugs, friendship, irreverent, Ralph Fiennes, stylized",In Bruges (2008)
58047,"Rachel Weisz, Ryan Reynolds","Definitely, Maybe (2008)"
58295,"heist, robbery, small time criminals","Bank Job, The (2008)"
58301,"dark humor, dark, dark humor, intelligent, thought-provoking",Funny Games U.S. (2007)
58559,"psychology, superhero, dark, gritty","Dark Knight, The (2008)"
59103,"jackie chan, kung fu","Forbidden Kingdom, The (2008)"
59141,movies about movies,Son of Rambow (2007)
59501,"fantasy, lion, narnia, Tilda Swinton","Chronicles of Narnia: Prince Caspian, The (2008)"
60069,"last man on earth, love story, Post apocalyptic, social commentary",WALL·E (2008)
60074,"bad script, Charlize Theron, Will Smith",Hancock (2008)
60126,"Anne Hathaway, Steve Carell",Get Smart (2008)
60516,enjoyable,Meet Dave (2008)
60756,"funny, Highly quotable, will ferrell, comedy, funny, will ferrell, funny, will ferrell",Step Brothers (2008)
60950,threesome,Vicky Cristina Barcelona (2008)
61024,"comedy, James Franco, Seth Rogen, Stoner Movie",Pineapple Express (2008)
61323,"dark comedy, Brad Pitt, Coen Bros, Coen Brothers, dark comedy, espionage, George Clooney, John Malkovich, satire, twists & turns, weird",Burn After Reading (2008)
62336,"2D animation, cult film, stylish, surreal",FLCL (2000)
62434,"Seth Rogen, Sexual Humor",Zack and Miri Make a Porno (2008)
63062,emotional,Changeling (2008)
63992,"audience intelligence underestimated, boring, chick flick, overrated, Teen movie",Twilight (2008)
64034,"childish naivity, friendship","Boy in the Striped Pajamas, The (Boy in the Striped Pyjamas, The) (2008)"
66097,"claymation, creepy, dark, dark fairy tale, Surreal, Tim Burton",Coraline (2009)
66934,"joss whedon, Nathan Fillion, Neil Patrick Harris, parody",Dr. Horrible's Sing-Along Blog (2008)
67087,"Andy Samberg, bromance, bromantic, comedy, Jaime Pressly, Jason Segel, masculinity, Paul Rudd","I Love You, Man (2009)"
67695,Seth Rogen,Observe and Report (2009)
68157,"black comedy, Brad Pitt, Christoph Waltz, Quentin Tarantino, satire",Inglourious Basterds (2009)
68237,"2001-like, Sci-fi, solitude",Moon (2009)
68319,"comic book, bad plot, comic book, hugh jackman, Ryan Reynolds, too many characters",X-Men Origins: Wolverine (2009)
68358,"future, lack of development, lack of story, quick cuts, sci-fi, Simon Pegg, space, space travel, time travel",Star Trek (2009)
68791,"artificial intelligence, bad acting, bad plot, bad script, Christian Bale, FIGHTING THE SYSTEM, franchise, new composer, post-apocalyptic, robots, sci-fi, sequel",Terminator Salvation (2009)
68848,"Adrien Brody, con artists, funny, interesting characters, Mark Ruffalo, Rachel Weisz","Brothers Bloom, The (2008)"
68945,Recap,Neon Genesis Evangelion: Death & Rebirth (Shin seiki Evangelion Gekijô-ban: Shito shinsei) (1997)
68954,"adventure, Bechdel Test:Fail, cartoon, children, computer animation, divorce, dogs, dreams, Pixar, bittersweet, emotional, heartbreaking, touching",Up (2009)
69122,"casino, comedy, funny, hotel, Las Vegas","Hangover, The (2009)"
69481,war,"Hurt Locker, The (2008)"
69526,"bad plot, Michael Bay, needed more autobots, plot holes, ridiculous, Shia LaBeouf, stop using useless characters for filler",Transformers: Revenge of the Fallen (2009)
69757,"artistic, Funny, humorous, inspiring, intelligent, quirky, romance, Zooey Deschanel",(500) Days of Summer (2009)
70286,intelligent sci-fi,District 9 (2009)
71494,Narrative pisstake,"Haunted World of El Superbeasto, The (2009)"
71535,"Bill Murray, dark comedy, Emma Stone, funny, Jesse Eisenberg, Woody Harrelson",Zombieland (2009)
71899,"bittersweet, black comedy, character study, dark comedy, friendship, loneliness, mental illness, philosophical, poignant, quirky, sad, sweet, touching",Mary and Max (2009)
72224,bad humor,Gentlemen Broncos (2009)
72998,"bad science, futuristic, graphic design, James Cameron, military, poor dialogue, sci-fi, superficial plot, unoriginal, white guilt, beautiful scenery, graphic design, music, politics, romance, thought-provoking, too long, visually stunning",Avatar (2009)
74458,"insanity, Leonardo DiCaprio, Martin Scorsese, plot twist, psychological, Psychological Thriller, thought-provoking",Shutter Island (2010)
74791,"surreal, whimsical","Town Called Panic, A (Panique au village) (2009)"
79132,"action, alternate reality, Leonardo DiCaprio, sci-fi, thought-provoking, visually appealing, dreamlike, surreal, visually appealing, big budget, clever, complicated, dead wife, great soundtrack, heist, intellectual, mindfuck, philosophy, psychological, psychology, suspense, thought-provoking, cerebral, dreamlike, philosophy, thought-provoking",Inception (2010)
79702,"geeky, Michael Cera, stylized, video games",Scott Pilgrim vs. the World (2010)
80463,"good dialogue, loneliness, witty","Social Network, The (2010)"
80489,"crime, FBI, romance, too much love interest","Town, The (2010)"
80834,"adventure, animation, fantasy",Sintel (2010)
80906,"business, corruption, economics, investor corruption, politics, truth",Inside Job (2010)
81158,american idolatry,Restrepo (2010)
81562,stranded,127 Hours (2010)
81591,"alter ego, atmospheric, creepy, horror, obsession, surreal",Black Swan (2010)
82242,male nudity,Rare Exports: A Christmas Tale (Rare Exports) (2010)
82459,"atmospheric, Coen Brothers, Jeff Bridges, Matt Damon, predictable",True Grit (2010)
82461,"action choreography, Horrid characterisation, Poor plot development, sequel, soundtrack",Tron: Legacy (2010)
83134,black comedy,Tucker & Dale vs Evil (2010)
85565,Comedy,Chalet Girl (2011)
87430,"audience intelligence underestimated, CGI, cheesy, comic book, DC, DC Comics, Ryan Reynolds, space, superhero",Green Lantern (2011)
88094,"britpop, indie record label, music",Upside Down: The Creation Records Story (2010)
88405,"comedy, funny, happy ending, HOT actress, Justin Timberlake, Mila Kunis, New York City, romance, sex",Friends with Benefits (2011)
89745,"Captain America, silly, superhero, superhero team, fun, great humor, visually appealing","Avengers, The (2012)"
89774,"Boxing story, MMA, Tom Hardy",Warrior (2011)
90439,"bank, big corporations, business, corruption, financial crisis, Kevin Spacey, realistic, suspense, Wall Street",Margin Call (2011)
90769,"celebrity fetishism, mediacentralism, system holism",Starsuckers (2009)
91500,ending,The Hunger Games (2012)
91529,"Anne Hathaway, Christian Bale, Christopher Nolan, comic book, great ending, Morgan Freeman, political commentary, superhero","Dark Knight Rises, The (2012)"
92259,"emotional, sexuality",Intouchables (2011)
94959,quirky,Moonrise Kingdom (2012)
95067,interesting scenario,"Thousand Words, A (2012)"
95441,crude humor,Ted (2012)
95558,"Beautiful, emotional, poetic",Beasts of the Southern Wild (2012)
96079,"beautiful cinematography, beautifully filmed, cinematography",Skyfall (2012)
96084,"city politics, italy, political right versus left",Hands Over the City (Le mani sulla città) (1963)
96861,"Istanbul, Liam Neeson, predictable, Turkey, unnecessary sequel",Taken 2 (2012)
97304,"cia, politics, Thrilling",Argo (2012)
97938,"cinematography, India, surreal",Life of Pi (2012)
98809,"Action, Myth","Hobbit: An Unexpected Journey, The (2012)"
98961,"Afghanistan, American propaganda, assassination, military, terrorism",Zero Dark Thirty (2012)
99114,"action, Christoph Waltz, funny, good soundtrack, Great performances, Humour, Leonardo DiCaprio, Quentin Tarantino, Samuel L. Jackson, Soundtrack, western, Soundtrack",Django Unchained (2012)
99764,"moving, philosopical, surreal, weird",It's Such a Beautiful Day (2012)
99917,"artistic, artsy, atmospheric, Beautiful, dreamlike, existentialism",Upstream Color (2013)
100083,"embarassing scenes, offensive, R language, sarcasm, satire",Movie 43 (2013)
101142,"animation, funny, stone age","Croods, The (2013)"
102007,animation,"Invincible Iron Man, The (2007)"
102903,"illusions, overcomplicated, predictable, stupid ending",Now You See Me (2013)
103042,"Amy Adams, superhero",Man of Steel (2013)
104218,Adam Sandler,Grown Ups 2 (2013)
104841,"cliche characters, long shots, predictable, Simple, slow action, visually appealing",Gravity (2013)
104863,"daniel radcliffe, zoe kazan",What If (2013)
104875,quirky,"History of Future Folk, The (2012)"
104879,"absorbing, acting, atmospheric, Hugh Jackman, Jake Gyllenhaal, morality, mystery, thriller",Prisoners (2013)
104944,"emotional, feel-good, heartwarming, mental illness, touching",Short Term 12 (2013)
105504,"hostage, ocean, suspense, suspense, tense",Captain Phillips (2013)
106100,"Jared Leto, social commentary, uplifting",Dallas Buyers Club (2013)
106489,"adventure, fantasy, Tolkien, too long","Hobbit: The Desolation of Smaug, The (2013)"
106766,"atmospheric, cinematography, depressing, funny",Inside Llewyn Davis (2013)
106782,"drugs, Leonardo DiCaprio, Martin Scorsese, Stock Market, Wall Street","Wolf of Wall Street, The (2013)"
107348,"comedy, Steve Carell, stupid but funny, will ferrell",Anchorman 2: The Legend Continues (2013)
107406,fatalistic,Snowpiercer (2013)
108190,"anti-intellectual, bad writing, dystopia, new society, plot holes, predictable, scifi, unintelligent",Divergent (2014)
108932,"cheeky, clever, colorful, feel-good, fun, imaginative, quirky",The Lego Movie (2014)
109487,"black hole, sci-fi, time-travel, Christopher Nolan, sci-fi, time-travel, bad dialogue, philosophical issues, thought-provoking, visually appealing",Interstellar (2014)
111364,Creature Feature,Godzilla (2014)
111743,"Charlize Theron, Liam Neeson, Seth MacFarlane, witty",A Million Ways to Die in the West (2014)
112421,"adorable, black comedy, Eccentric, introspection, mental illness, quirky",Frank (2014)
112515,"atmospheric, dark, Metaphorical, psychological","Babadook, The (2014)"
112552,"passion, psychological, suspense, jazz, music, tense, inspirational, inspiring, intense",Whiplash (2014)
112556,"annoying, Stupid ending",Gone Girl (2014)
112852,"funny, Great Visuals, humorous, unlikely hero",Guardians of the Galaxy (2014)
113705,bittersweet,"Two Days, One Night (Deux jours, une nuit) (2014)"
114180,"action, dystopia, plot holes, post-apocalyptic, survival, thriller, unexplained, weak plot","Maze Runner, The (2014)"
114627,"atmospheric, bizzare, eerie, symbolism",Angel's Egg (Tenshi no tamago) (1985)
115149,"dark hero, gun-fu, Keanu Reeves, Revenge, secret society, stylish, action, killer, widows/widowers",John Wick (2014)
115617,"animation, kids, robots, feel-good, fun family movie, very funny",Big Hero 6 (2014)
116797,"inspirational, intelligent",The Imitation Game (2014)
116897,"black comedy, dark comedy, dark humor, ironic, multiple short stories, short stories",Wild Tales (2014)
117877,"philosophical, trippy",The Rabbi's Cat (Le chat du rabbin) (2011)
117887,heartwarming,Paddington (2014)
118696,hope,The Hobbit: The Battle of the Five Armies (2014)
118784,"documentary, music industry, remix culture",Good Copy Bad Copy (2007)
118985,painter,Big Eyes (2014)
119141,"bloody, bromance, comedy, funny, James Franco, Seth Rogen",The Interview (2014)
119145,slick,Kingsman: The Secret Service (2015)
120635,"action, murder, police",Taken 3 (2015)
122882,"beautiful, cinematography, visually appealing",Mad Max: Fury Road (2015)
122912,"comic book, Dr. Strange, Great villain, Guardians of the Galaxy, Marvel, MCU, Robert Downey Jr., Thanos, Thor, Visually stunning, Dark, emotional, Sad, Visually appealing, Visually stunning",Avengers: Infinity War - Part I (2018)
122916,"awesome, humor, quirky, unconventional, white guilt",Thor: Ragnarok (2017)
122918,fun,Guardians of the Galaxy 2 (2017)
122922,visually appealing,Doctor Strange (2016)
126548,"funny, high school",The DUFF (2015)
127172,"film history, poetic, representation of children",A Story of Children and Film (2013)
127298,"depressing, understated",A Pigeon Sat on a Branch Reflecting on Existence (2014)
128360,"characters, Dialogue, humor, Kurt Russell, Quentin Tarantino, Samuel L. Jackson, tension building, violent, Western",The Hateful Eight (2015)
134130,smart,The Martian (2015)
134170,"funny, ridiculous, silly",Kung Fury (2015)
135133,"dystopia, Jennifer Lawrence, love story, nonsense, politics, rebellion, revolution",The Hunger Games: Mockingjay - Part 2 (2015)
135518,"Ben Kingsley, ethics, immortality, ryan reynolds",Self/less (2015)
135536,"Bad story, Bad writing, Batman, Ben Affleck, comic book, dc comics, good soundtrack, Harley Quinn, Harley Quinn's ass, Horrible directing, Jared Leto, Joker, lack of plot, Margot Robbie, Poor story, poorly paced, superhero, visually appealing, Will Smith",Suicide Squad (2016)
136864,"action, batman, ben affleck, dark, dc comics, Gal Gadot, superhero, superman, wonderwoman",Batman v Superman: Dawn of Justice (2016)
138036,"slick, stylish",The Man from U.N.C.L.E. (2015)
139385,"leonardo DiCarpio, survival, tom hardy, visually appealing, cinematography, visually appealing, Visually Striking",The Revenant (2015)
139644,"atmospheric, tension",Sicario (2015)
140174,"moving, touching",Room (2015)
141890,Moving,Beasts of No Nation (2015)
143367,"contemplative, philosophical, thought-provoking, tragic",Silence (2016)
144210,"dumpster diving, Sustainability",Just Eat It: A Food Waste Story (2014)
148626,"funny, interesting, Witty","Big Short, The (2015)"
148881,"Existential, surreal",World of Tomorrow (2015)
152077,"creepy, suspense",10 Cloverfield Lane (2016)
152711,"Cambodia, crime, human rights, murder, procedural",Who Killed Chea Vichea? (2010)
153070,nightmare,Rabbits (2002)
155288,"suspense, thought-provoking",Eye in the Sky (2016)
156371,80's,Everybody Wants Some (2016)
156605,"quirky, sweet, understated",Paterson
158872,"Crude humor, mindfuck, sarcasm, satire, Vulgar",Sausage Party (2016)
158966,"building a family, creative, freedom, good writing, individualism, Viggo Mortensen",Captain Fantastic (2016)
161634,intense,Don't Breathe (2016)
164179,"beautiful visuals, Cerebral, cinematography, good cinematography, smart, thought-provoking, visually appealing",Arrival (2016)
164909,"Bittersweet, visually appealing",La La Land (2016)
167746,"funny, heartwarming",The Lego Batman Movie (2017)
168248,"action, dark hero, gun tactics, hitman, Keanu Reeves, organized crime, secret society, Heroic Bloodshed",John Wick: Chapter Two (2017)
168252,"dark, emotional, gritty, heartbreaking, predictible plot",Logan (2017)
170945,"paranoia, Suspenseful",It Comes at Night (2017)
174053,"Dystopia, future, interesting, jon hamm, thought provoking",Black Mirror: White Christmas (2014)
174055,"brilliant, inspiring, tense",Dunkirk (2017)
176371,"atmospheric, beautiful, cinematography, dark, dreamlike, existentialism, moody, philosophical",Blade Runner 2049 (2017)
176419,"allegorical, uncomfortable, unsettling",Mother! (2017)
179401,"Action, Comedy, Dwayne Johnson, funny",Jumanji: Welcome to the Jungle (2017)
180031,"atmospheric, dreamlike",The Shape of Water (2017)
180985,bad music,The Greatest Showman (2017)
183611,"Comedy, funny, Rachel McAdams",Game Night (2018)
184471,"adventure, Alicia Vikander, video game adaptation",Tomb Raider (2018)
187593,"Josh Brolin, Ryan Reynolds, sarcasm",Deadpool 2 (2018)
187595,"Emilia Clarke, star wars",Solo: A Star Wars Story (2018)
193565,"anime, comedy, gintama, remaster",Gintama: The Movie (2010)
